workbook,sheet,position,condition,axis,sample_index,value
Position1.xlsx,Sheet1,Position 1,Normal Person,X,1,5.57
Position1.xlsx,Sheet1,Position 1,Normal Person,X,2,5.49
Position1.xlsx,Sheet1,Position 1,Normal Person,X,3,5.69
Position1.xlsx,Sheet1,Position 1,Normal Person,X,4,5.33
Position1.xlsx,Sheet1,Position 1,Normal Person,X,5,5.18
Position1.xlsx,Sheet1,Position 1,Normal Person,X,6,4.67
Position1.xlsx,Sheet1,Position 1,Normal Person,X,7,4.9
Position1.xlsx,Sheet1,Position 1,Normal Person,X,8,6.2
Position1.xlsx,Sheet1,Position 1,Normal Person,X,9,6.04
Position1.xlsx,Sheet1,Position 1,Normal Person,X,10,4.79
Position1.xlsx,Sheet1,Position 1,Normal Person,X,11,6.86
Position1.xlsx,Sheet1,Position 1,Normal Person,X,12,4.55
Position1.xlsx,Sheet1,Position 1,Normal Person,X,13,2.24
Position1.xlsx,Sheet1,Position 1,Normal Person,X,14,0.12
Position1.xlsx,Sheet1,Position 1,Normal Person,X,15,4.51
Position1.xlsx,Sheet1,Position 1,Normal Person,X,16,2.47
Position1.xlsx,Sheet1,Position 1,Normal Person,X,17,1.29
Position1.xlsx,Sheet1,Position 1,Normal Person,X,18,2.51
Position1.xlsx,Sheet1,Position 1,Normal Person,X,19,3.41
Position1.xlsx,Sheet1,Position 1,Normal Person,X,20,6.04
Position1.xlsx,Sheet1,Position 1,Normal Person,X,21,6.71
Position1.xlsx,Sheet1,Position 1,Normal Person,X,22,7.65
Position1.xlsx,Sheet1,Position 1,Normal Person,X,23,5.73
Position1.xlsx,Sheet1,Position 1,Normal Person,X,24,5.45
Position1.xlsx,Sheet1,Position 1,Normal Person,X,25,2
Position1.xlsx,Sheet1,Position 1,Normal Person,X,26,1.69
Position1.xlsx,Sheet1,Position 1,Normal Person,X,27,6.16
Position1.xlsx,Sheet1,Position 1,Normal Person,X,28,2.35
Position1.xlsx,Sheet1,Position 1,Normal Person,X,29,4.24
Position1.xlsx,Sheet1,Position 1,Normal Person,X,30,3.53
Position1.xlsx,Sheet1,Position 1,Normal Person,X,31,3.84
Position1.xlsx,Sheet1,Position 1,Normal Person,X,32,4.71
Position1.xlsx,Sheet1,Position 1,Normal Person,X,33,4.31
Position1.xlsx,Sheet1,Position 1,Normal Person,X,34,3.92
Position1.xlsx,Sheet1,Position 1,Normal Person,X,35,5.06
Position1.xlsx,Sheet1,Position 1,Normal Person,X,36,5.88
Position1.xlsx,Sheet1,Position 1,Normal Person,X,37,5.81
Position1.xlsx,Sheet1,Position 1,Normal Person,X,38,4.31
Position1.xlsx,Sheet1,Position 1,Normal Person,X,39,4.75
Position1.xlsx,Sheet1,Position 1,Normal Person,X,40,7.1
Position1.xlsx,Sheet1,Position 1,Normal Person,X,41,6.55
Position1.xlsx,Sheet1,Position 1,Normal Person,X,42,5.14
Position1.xlsx,Sheet1,Position 1,Normal Person,X,43,5.1
Position1.xlsx,Sheet1,Position 1,Normal Person,X,44,5.18
Position1.xlsx,Sheet1,Position 1,Normal Person,X,45,5.81
Position1.xlsx,Sheet1,Position 1,Normal Person,X,46,5.84
Position1.xlsx,Sheet1,Position 1,Normal Person,X,47,5.96
Position1.xlsx,Sheet1,Position 1,Normal Person,X,48,5.73
Position1.xlsx,Sheet1,Position 1,Normal Person,X,49,6.04
Position1.xlsx,Sheet1,Position 1,Normal Person,X,50,6.39
Position1.xlsx,Sheet1,Position 1,Normal Person,X,51,5.92
Position1.xlsx,Sheet1,Position 1,Normal Person,X,52,5.53
Position1.xlsx,Sheet1,Position 1,Normal Person,X,53,6
Position1.xlsx,Sheet1,Position 1,Normal Person,X,54,6.04
Position1.xlsx,Sheet1,Position 1,Normal Person,X,55,5.77
Position1.xlsx,Sheet1,Position 1,Normal Person,X,56,6
Position1.xlsx,Sheet1,Position 1,Normal Person,X,57,6.86
Position1.xlsx,Sheet1,Position 1,Normal Person,X,58,5.02
Position1.xlsx,Sheet1,Position 1,Normal Person,X,59,5.77
Position1.xlsx,Sheet1,Position 1,Normal Person,X,60,6.51
Position1.xlsx,Sheet1,Position 1,Normal Person,X,61,6.71
Position1.xlsx,Sheet1,Position 1,Normal Person,X,62,6.28
Position1.xlsx,Sheet1,Position 1,Normal Person,X,63,6.16
Position1.xlsx,Sheet1,Position 1,Normal Person,X,64,5.81
Position1.xlsx,Sheet1,Position 1,Normal Person,X,65,5.81
Position1.xlsx,Sheet1,Position 1,Normal Person,X,66,7.26
Position1.xlsx,Sheet1,Position 1,Normal Person,X,67,5.26
Position1.xlsx,Sheet1,Position 1,Normal Person,X,68,4.98
Position1.xlsx,Sheet1,Position 1,Normal Person,X,69,4.71
Position1.xlsx,Sheet1,Position 1,Normal Person,X,70,4.94
Position1.xlsx,Sheet1,Position 1,Normal Person,X,71,5.41
Position1.xlsx,Sheet1,Position 1,Normal Person,X,72,5.49
Position1.xlsx,Sheet1,Position 1,Normal Person,X,73,5.18
Position1.xlsx,Sheet1,Position 1,Normal Person,X,74,5.33
Position1.xlsx,Sheet1,Position 1,Normal Person,X,75,5.61
Position1.xlsx,Sheet1,Position 1,Normal Person,X,76,5.53
Position1.xlsx,Sheet1,Position 1,Normal Person,X,77,5.18
Position1.xlsx,Sheet1,Position 1,Normal Person,X,78,5.49
Position1.xlsx,Sheet1,Position 1,Normal Person,X,79,5.26
Position1.xlsx,Sheet1,Position 1,Normal Person,X,80,6.39
Position1.xlsx,Sheet1,Position 1,Normal Person,X,81,4.12
Position1.xlsx,Sheet1,Position 1,Normal Person,X,82,4.08
Position1.xlsx,Sheet1,Position 1,Normal Person,X,83,3.37
Position1.xlsx,Sheet1,Position 1,Normal Person,X,84,3.53
Position1.xlsx,Sheet1,Position 1,Normal Person,X,85,4.63
Position1.xlsx,Sheet1,Position 1,Normal Person,X,86,4.28
Position1.xlsx,Sheet1,Position 1,Normal Person,X,87,4.59
Position1.xlsx,Sheet1,Position 1,Normal Person,X,88,4.51
Position1.xlsx,Sheet1,Position 1,Normal Person,X,89,5.37
Position1.xlsx,Sheet1,Position 1,Normal Person,X,90,7.3
Position1.xlsx,Sheet1,Position 1,Normal Person,X,91,5.26
Position1.xlsx,Sheet1,Position 1,Normal Person,X,92,5.37
Position1.xlsx,Sheet1,Position 1,Normal Person,X,93,5.18
Position1.xlsx,Sheet1,Position 1,Normal Person,X,94,3.18
Position1.xlsx,Sheet1,Position 1,Normal Person,X,95,0.63
Position1.xlsx,Sheet1,Position 1,Normal Person,X,96,4.16
Position1.xlsx,Sheet1,Position 1,Normal Person,X,97,3.14
Position1.xlsx,Sheet1,Position 1,Normal Person,X,98,5.1
Position1.xlsx,Sheet1,Position 1,Normal Person,X,99,2.47
Position1.xlsx,Sheet1,Position 1,Normal Person,X,100,4.12
Position1.xlsx,Sheet1,Position 1,Normal Person,X,101,4.24
Position1.xlsx,Sheet1,Position 1,Normal Person,X,102,4.86
Position1.xlsx,Sheet1,Position 1,Normal Person,X,103,4.79
Position1.xlsx,Sheet1,Position 1,Normal Person,X,104,4.79
Position1.xlsx,Sheet1,Position 1,Normal Person,X,105,4.47
Position1.xlsx,Sheet1,Position 1,Normal Person,X,106,5.69
Position1.xlsx,Sheet1,Position 1,Normal Person,X,107,4.47
Position1.xlsx,Sheet1,Position 1,Normal Person,X,108,4.71
Position1.xlsx,Sheet1,Position 1,Normal Person,X,109,6.12
Position1.xlsx,Sheet1,Position 1,Normal Person,X,110,5.69
Position1.xlsx,Sheet1,Position 1,Normal Person,X,111,6.39
Position1.xlsx,Sheet1,Position 1,Normal Person,X,112,6.16
Position1.xlsx,Sheet1,Position 1,Normal Person,X,113,5.96
Position1.xlsx,Sheet1,Position 1,Normal Person,X,114,5.45
Position1.xlsx,Sheet1,Position 1,Normal Person,X,115,6
Position1.xlsx,Sheet1,Position 1,Normal Person,X,116,5.65
Position1.xlsx,Sheet1,Position 1,Normal Person,X,117,6.12
Position1.xlsx,Sheet1,Position 1,Normal Person,X,118,6.2
Position1.xlsx,Sheet1,Position 1,Normal Person,X,119,4.75
Position1.xlsx,Sheet1,Position 1,Normal Person,X,120,6.43
Position1.xlsx,Sheet1,Position 1,Normal Person,X,121,5.81
Position1.xlsx,Sheet1,Position 1,Normal Person,X,122,6
Position1.xlsx,Sheet1,Position 1,Normal Person,X,123,5.45
Position1.xlsx,Sheet1,Position 1,Normal Person,X,124,5.96
Position1.xlsx,Sheet1,Position 1,Normal Person,X,125,5.18
Position1.xlsx,Sheet1,Position 1,Normal Person,X,126,5.92
Position1.xlsx,Sheet1,Position 1,Normal Person,X,127,6.67
Position1.xlsx,Sheet1,Position 1,Normal Person,X,128,5.1
Position1.xlsx,Sheet1,Position 1,Normal Person,X,129,6.47
Position1.xlsx,Sheet1,Position 1,Normal Person,X,130,5.65
Position1.xlsx,Sheet1,Position 1,Normal Person,X,131,6
Position1.xlsx,Sheet1,Position 1,Normal Person,X,132,5.81
Position1.xlsx,Sheet1,Position 1,Normal Person,X,133,7.61
Position1.xlsx,Sheet1,Position 1,Normal Person,X,134,4.71
Position1.xlsx,Sheet1,Position 1,Normal Person,X,135,4.24
Position1.xlsx,Sheet1,Position 1,Normal Person,X,136,4.47
Position1.xlsx,Sheet1,Position 1,Normal Person,X,137,4.9
Position1.xlsx,Sheet1,Position 1,Normal Person,X,138,6
Position1.xlsx,Sheet1,Position 1,Normal Person,X,139,5.37
Position1.xlsx,Sheet1,Position 1,Normal Person,X,140,5.73
Position1.xlsx,Sheet1,Position 1,Normal Person,X,141,5.3
Position1.xlsx,Sheet1,Position 1,Normal Person,X,142,4.98
Position1.xlsx,Sheet1,Position 1,Normal Person,X,143,5.88
Position1.xlsx,Sheet1,Position 1,Normal Person,X,144,6.43
Position1.xlsx,Sheet1,Position 1,Normal Person,X,145,3.8
Position1.xlsx,Sheet1,Position 1,Normal Person,X,146,2.28
Position1.xlsx,Sheet1,Position 1,Normal Person,X,147,2.75
Position1.xlsx,Sheet1,Position 1,Normal Person,X,148,3.65
Position1.xlsx,Sheet1,Position 1,Normal Person,X,149,3.69
Position1.xlsx,Sheet1,Position 1,Normal Person,X,150,3.53
Position1.xlsx,Sheet1,Position 1,Normal Person,X,151,3.92
Position1.xlsx,Sheet1,Position 1,Normal Person,X,152,4.47
Position1.xlsx,Sheet1,Position 1,Normal Person,X,153,3.57
Position1.xlsx,Sheet1,Position 1,Normal Person,X,154,5.02
Position1.xlsx,Sheet1,Position 1,Normal Person,X,155,5.18
Position1.xlsx,Sheet1,Position 1,Normal Person,X,156,5.41
Position1.xlsx,Sheet1,Position 1,Normal Person,X,157,5.53
Position1.xlsx,Sheet1,Position 1,Normal Person,X,158,6.79
Position1.xlsx,Sheet1,Position 1,Normal Person,X,159,4.59
Position1.xlsx,Sheet1,Position 1,Normal Person,X,160,4.47
Position1.xlsx,Sheet1,Position 1,Normal Person,X,161,0.55
Position1.xlsx,Sheet1,Position 1,Normal Person,X,162,6
Position1.xlsx,Sheet1,Position 1,Normal Person,X,163,3.3
Position1.xlsx,Sheet1,Position 1,Normal Person,X,164,2.63
Position1.xlsx,Sheet1,Position 1,Normal Person,X,165,4.71
Position1.xlsx,Sheet1,Position 1,Normal Person,X,166,3.41
Position1.xlsx,Sheet1,Position 1,Normal Person,X,167,4.75
Position1.xlsx,Sheet1,Position 1,Normal Person,X,168,3.65
Position1.xlsx,Sheet1,Position 1,Normal Person,X,169,4.2
Position1.xlsx,Sheet1,Position 1,Normal Person,X,170,4.63
Position1.xlsx,Sheet1,Position 1,Normal Person,X,171,4.35
Position1.xlsx,Sheet1,Position 1,Normal Person,X,172,3.96
Position1.xlsx,Sheet1,Position 1,Normal Person,X,173,4.98
Position1.xlsx,Sheet1,Position 1,Normal Person,X,174,5.53
Position1.xlsx,Sheet1,Position 1,Normal Person,X,175,5.3
Position1.xlsx,Sheet1,Position 1,Normal Person,X,176,4.79
Position1.xlsx,Sheet1,Position 1,Normal Person,X,177,5.26
Position1.xlsx,Sheet1,Position 1,Normal Person,X,178,4.9
Position1.xlsx,Sheet1,Position 1,Normal Person,X,179,5.06
Position1.xlsx,Sheet1,Position 1,Normal Person,X,180,6.2
Position1.xlsx,Sheet1,Position 1,Normal Person,X,181,5.92
Position1.xlsx,Sheet1,Position 1,Normal Person,X,182,5.96
Position1.xlsx,Sheet1,Position 1,Normal Person,X,183,5.77
Position1.xlsx,Sheet1,Position 1,Normal Person,X,184,4.98
Position1.xlsx,Sheet1,Position 1,Normal Person,X,185,5.57
Position1.xlsx,Sheet1,Position 1,Normal Person,X,186,5.88
Position1.xlsx,Sheet1,Position 1,Normal Person,X,187,5.65
Position1.xlsx,Sheet1,Position 1,Normal Person,X,188,5.77
Position1.xlsx,Sheet1,Position 1,Normal Person,X,189,6.12
Position1.xlsx,Sheet1,Position 1,Normal Person,X,190,5.84
Position1.xlsx,Sheet1,Position 1,Normal Person,X,191,5.96
Position1.xlsx,Sheet1,Position 1,Normal Person,X,192,5.84
Position1.xlsx,Sheet1,Position 1,Normal Person,X,193,6.2
Position1.xlsx,Sheet1,Position 1,Normal Person,X,194,5.69
Position1.xlsx,Sheet1,Position 1,Normal Person,X,195,5.65
Position1.xlsx,Sheet1,Position 1,Normal Person,X,196,5.57
Position1.xlsx,Sheet1,Position 1,Normal Person,X,197,6.32
Position1.xlsx,Sheet1,Position 1,Normal Person,X,198,7.02
Position1.xlsx,Sheet1,Position 1,Normal Person,X,199,5.41
Position1.xlsx,Sheet1,Position 1,Normal Person,X,200,6.71
Position1.xlsx,Sheet1,Position 1,Normal Person,X,201,6.16
Position1.xlsx,Sheet1,Position 1,Normal Person,X,202,6.51
Position1.xlsx,Sheet1,Position 1,Normal Person,X,203,7.22
Position1.xlsx,Sheet1,Position 1,Normal Person,X,204,6.24
Position1.xlsx,Sheet1,Position 1,Normal Person,X,205,5.33
Position1.xlsx,Sheet1,Position 1,Normal Person,X,206,5.14
Position1.xlsx,Sheet1,Position 1,Normal Person,X,207,5.37
Position1.xlsx,Sheet1,Position 1,Normal Person,X,208,5.57
Position1.xlsx,Sheet1,Position 1,Normal Person,X,209,5.41
Position1.xlsx,Sheet1,Position 1,Normal Person,X,210,6.2
Position1.xlsx,Sheet1,Position 1,Normal Person,X,211,6.12
Position1.xlsx,Sheet1,Position 1,Normal Person,X,212,5.96
Position1.xlsx,Sheet1,Position 1,Normal Person,X,213,5.37
Position1.xlsx,Sheet1,Position 1,Normal Person,X,214,5.1
Position1.xlsx,Sheet1,Position 1,Normal Person,X,215,4.94
Position1.xlsx,Sheet1,Position 1,Normal Person,X,216,5.26
Position1.xlsx,Sheet1,Position 1,Normal Person,X,217,3.8
Position1.xlsx,Sheet1,Position 1,Normal Person,X,218,5.53
Position1.xlsx,Sheet1,Position 1,Normal Person,X,219,7.73
Position1.xlsx,Sheet1,Position 1,Normal Person,X,220,4.51
Position1.xlsx,Sheet1,Position 1,Normal Person,X,221,2.98
Position1.xlsx,Sheet1,Position 1,Normal Person,X,222,1.37
Position1.xlsx,Sheet1,Position 1,Normal Person,X,223,3.69
Position1.xlsx,Sheet1,Position 1,Normal Person,X,224,5.49
Position1.xlsx,Sheet1,Position 1,Normal Person,X,225,5.22
Position1.xlsx,Sheet1,Position 1,Normal Person,X,226,4.75
Position1.xlsx,Sheet1,Position 1,Normal Person,X,227,5.57
Position1.xlsx,Sheet1,Position 1,Normal Person,X,228,6
Position1.xlsx,Sheet1,Position 1,Normal Person,X,229,5.61
Position1.xlsx,Sheet1,Position 1,Normal Person,X,230,6.04
Position1.xlsx,Sheet1,Position 1,Normal Person,X,231,5.96
Position1.xlsx,Sheet1,Position 1,Normal Person,X,232,5.73
Position1.xlsx,Sheet1,Position 1,Normal Person,X,233,4.98
Position1.xlsx,Sheet1,Position 1,Normal Person,X,234,-1.53
Position1.xlsx,Sheet1,Position 1,Normal Person,X,235,5.84
Position1.xlsx,Sheet1,Position 1,Normal Person,X,236,1.22
Position1.xlsx,Sheet1,Position 1,Normal Person,X,237,6.9
Position1.xlsx,Sheet1,Position 1,Normal Person,X,238,2.04
Position1.xlsx,Sheet1,Position 1,Normal Person,X,239,3.61
Position1.xlsx,Sheet1,Position 1,Normal Person,X,240,5.41
Position1.xlsx,Sheet1,Position 1,Normal Person,X,241,4.98
Position1.xlsx,Sheet1,Position 1,Normal Person,X,242,5.18
Position1.xlsx,Sheet1,Position 1,Normal Person,X,243,4.08
Position1.xlsx,Sheet1,Position 1,Normal Person,X,244,4.79
Position1.xlsx,Sheet1,Position 1,Normal Person,X,245,5.49
Position1.xlsx,Sheet1,Position 1,Normal Person,X,246,4.71
Position1.xlsx,Sheet1,Position 1,Normal Person,X,247,4.9
Position1.xlsx,Sheet1,Position 1,Normal Person,Y,1,-8.04
Position1.xlsx,Sheet1,Position 1,Normal Person,Y,2,-8.39
Position1.xlsx,Sheet1,Position 1,Normal Person,Y,3,-8.36
Position1.xlsx,Sheet1,Position 1,Normal Person,Y,4,-8.63
Position1.xlsx,Sheet1,Position 1,Normal Person,Y,5,-9.34
Position1.xlsx,Sheet1,Position 1,Normal Person,Y,6,-9.45
Position1.xlsx,Sheet1,Position 1,Normal Person,Y,7,-9.26
Position1.xlsx,Sheet1,Position 1,Normal Person,Y,8,-9.18
Position1.xlsx,Sheet1,Position 1,Normal Person,Y,9,-9.57
Position1.xlsx,Sheet1,Position 1,Normal Person,Y,10,-10
Position1.xlsx,Sheet1,Position 1,Normal Person,Y,11,-9.02
Position1.xlsx,Sheet1,Position 1,Normal Person,Y,12,-7.37
Position1.xlsx,Sheet1,Position 1,Normal Person,Y,13,-4.82
Position1.xlsx,Sheet1,Position 1,Normal Person,Y,14,-6.83
Position1.xlsx,Sheet1,Position 1,Normal Person,Y,15,-5.49
Position1.xlsx,Sheet1,Position 1,Normal Person,Y,16,-6.9
Position1.xlsx,Sheet1,Position 1,Normal Person,Y,17,-7.69
Position1.xlsx,Sheet1,Position 1,Normal Person,Y,18,-8.79
Position1.xlsx,Sheet1,Position 1,Normal Person,Y,19,-9.18
Position1.xlsx,Sheet1,Position 1,Normal Person,Y,20,-9.3
Position1.xlsx,Sheet1,Position 1,Normal Person,Y,21,-9.49
Position1.xlsx,Sheet1,Position 1,Normal Person,Y,22,-10.55
Position1.xlsx,Sheet1,Position 1,Normal Person,Y,23,-8.79
Position1.xlsx,Sheet1,Position 1,Normal Person,Y,24,-8.71
Position1.xlsx,Sheet1,Position 1,Normal Person,Y,25,-11.3
Position1.xlsx,Sheet1,Position 1,Normal Person,Y,26,-11.26
Position1.xlsx,Sheet1,Position 1,Normal Person,Y,27,-8.63
Position1.xlsx,Sheet1,Position 1,Normal Person,Y,28,-11.1
Position1.xlsx,Sheet1,Position 1,Normal Person,Y,29,-9.65
Position1.xlsx,Sheet1,Position 1,Normal Person,Y,30,-10.9
Position1.xlsx,Sheet1,Position 1,Normal Person,Y,31,-9.92
Position1.xlsx,Sheet1,Position 1,Normal Person,Y,32,-9.22
Position1.xlsx,Sheet1,Position 1,Normal Person,Y,33,-9.53
Position1.xlsx,Sheet1,Position 1,Normal Person,Y,34,-9.61
Position1.xlsx,Sheet1,Position 1,Normal Person,Y,35,-9.14
Position1.xlsx,Sheet1,Position 1,Normal Person,Y,36,-9.02
Position1.xlsx,Sheet1,Position 1,Normal Person,Y,37,-8.87
Position1.xlsx,Sheet1,Position 1,Normal Person,Y,38,-9.34
Position1.xlsx,Sheet1,Position 1,Normal Person,Y,39,-9.49
Position1.xlsx,Sheet1,Position 1,Normal Person,Y,40,-7.77
Position1.xlsx,Sheet1,Position 1,Normal Person,Y,41,-8.39
Position1.xlsx,Sheet1,Position 1,Normal Person,Y,42,-9.38
Position1.xlsx,Sheet1,Position 1,Normal Person,Y,43,-8.9
Position1.xlsx,Sheet1,Position 1,Normal Person,Y,44,-9.06
Position1.xlsx,Sheet1,Position 1,Normal Person,Y,45,-8.47
Position1.xlsx,Sheet1,Position 1,Normal Person,Y,46,-9.1
Position1.xlsx,Sheet1,Position 1,Normal Person,Y,47,-8.9
Position1.xlsx,Sheet1,Position 1,Normal Person,Y,48,-8.51
Position1.xlsx,Sheet1,Position 1,Normal Person,Y,49,-8.47
Position1.xlsx,Sheet1,Position 1,Normal Person,Y,50,-8.24
Position1.xlsx,Sheet1,Position 1,Normal Person,Y,51,-8.32
Position1.xlsx,Sheet1,Position 1,Normal Person,Y,52,-9.1
Position1.xlsx,Sheet1,Position 1,Normal Person,Y,53,-8.79
Position1.xlsx,Sheet1,Position 1,Normal Person,Y,54,-8.36
Position1.xlsx,Sheet1,Position 1,Normal Person,Y,55,-8.47
Position1.xlsx,Sheet1,Position 1,Normal Person,Y,56,-8.47
Position1.xlsx,Sheet1,Position 1,Normal Person,Y,57,-8.79
Position1.xlsx,Sheet1,Position 1,Normal Person,Y,58,-8.36
Position1.xlsx,Sheet1,Position 1,Normal Person,Y,59,-9.06
Position1.xlsx,Sheet1,Position 1,Normal Person,Y,60,-8.16
Position1.xlsx,Sheet1,Position 1,Normal Person,Y,61,-8.47
Position1.xlsx,Sheet1,Position 1,Normal Person,Y,62,-8.08
Position1.xlsx,Sheet1,Position 1,Normal Person,Y,63,-8.47
Position1.xlsx,Sheet1,Position 1,Normal Person,Y,64,-8.83
Position1.xlsx,Sheet1,Position 1,Normal Person,Y,65,-8.67
Position1.xlsx,Sheet1,Position 1,Normal Person,Y,66,-8.39
Position1.xlsx,Sheet1,Position 1,Normal Person,Y,67,-8.98
Position1.xlsx,Sheet1,Position 1,Normal Person,Y,68,-8.79
Position1.xlsx,Sheet1,Position 1,Normal Person,Y,69,-9.02
Position1.xlsx,Sheet1,Position 1,Normal Person,Y,70,-8.39
Position1.xlsx,Sheet1,Position 1,Normal Person,Y,71,-7.88
Position1.xlsx,Sheet1,Position 1,Normal Person,Y,72,-7.57
Position1.xlsx,Sheet1,Position 1,Normal Person,Y,73,-7.57
Position1.xlsx,Sheet1,Position 1,Normal Person,Y,74,-7.73
Position1.xlsx,Sheet1,Position 1,Normal Person,Y,75,-8.04
Position1.xlsx,Sheet1,Position 1,Normal Person,Y,76,-8.94
Position1.xlsx,Sheet1,Position 1,Normal Person,Y,77,-8.08
Position1.xlsx,Sheet1,Position 1,Normal Person,Y,78,-5.37
Position1.xlsx,Sheet1,Position 1,Normal Person,Y,79,-4
Position1.xlsx,Sheet1,Position 1,Normal Person,Y,80,-3.49
Position1.xlsx,Sheet1,Position 1,Normal Person,Y,81,-4.16
Position1.xlsx,Sheet1,Position 1,Normal Person,Y,82,-4.9
Position1.xlsx,Sheet1,Position 1,Normal Person,Y,83,-6.04
Position1.xlsx,Sheet1,Position 1,Normal Person,Y,84,-7.92
Position1.xlsx,Sheet1,Position 1,Normal Person,Y,85,-8.71
Position1.xlsx,Sheet1,Position 1,Normal Person,Y,86,-10
Position1.xlsx,Sheet1,Position 1,Normal Person,Y,87,-9.61
Position1.xlsx,Sheet1,Position 1,Normal Person,Y,88,-9.22
Position1.xlsx,Sheet1,Position 1,Normal Person,Y,89,-9.14
Position1.xlsx,Sheet1,Position 1,Normal Person,Y,90,-12.4
Position1.xlsx,Sheet1,Position 1,Normal Person,Y,91,-7.96
Position1.xlsx,Sheet1,Position 1,Normal Person,Y,92,-8.75
Position1.xlsx,Sheet1,Position 1,Normal Person,Y,93,-8.28
Position1.xlsx,Sheet1,Position 1,Normal Person,Y,94,-10.79
Position1.xlsx,Sheet1,Position 1,Normal Person,Y,95,-13.89
Position1.xlsx,Sheet1,Position 1,Normal Person,Y,96,-8.24
Position1.xlsx,Sheet1,Position 1,Normal Person,Y,97,-12
Position1.xlsx,Sheet1,Position 1,Normal Person,Y,98,-8.87
Position1.xlsx,Sheet1,Position 1,Normal Person,Y,99,-10.83
Position1.xlsx,Sheet1,Position 1,Normal Person,Y,100,-9.85
Position1.xlsx,Sheet1,Position 1,Normal Person,Y,101,-9.96
Position1.xlsx,Sheet1,Position 1,Normal Person,Y,102,-9.26
Position1.xlsx,Sheet1,Position 1,Normal Person,Y,103,-9.77
Position1.xlsx,Sheet1,Position 1,Normal Person,Y,104,-9.22
Position1.xlsx,Sheet1,Position 1,Normal Person,Y,105,-9.41
Position1.xlsx,Sheet1,Position 1,Normal Person,Y,106,-8.9
Position1.xlsx,Sheet1,Position 1,Normal Person,Y,107,-9.45
Position1.xlsx,Sheet1,Position 1,Normal Person,Y,108,-9.45
Position1.xlsx,Sheet1,Position 1,Normal Person,Y,109,-8.43
Position1.xlsx,Sheet1,Position 1,Normal Person,Y,110,-9.18
Position1.xlsx,Sheet1,Position 1,Normal Person,Y,111,-8.55
Position1.xlsx,Sheet1,Position 1,Normal Person,Y,112,-8.43
Position1.xlsx,Sheet1,Position 1,Normal Person,Y,113,-8.08
Position1.xlsx,Sheet1,Position 1,Normal Person,Y,114,-8.71
Position1.xlsx,Sheet1,Position 1,Normal Person,Y,115,-8.59
Position1.xlsx,Sheet1,Position 1,Normal Person,Y,116,-8.94
Position1.xlsx,Sheet1,Position 1,Normal Person,Y,117,-8.75
Position1.xlsx,Sheet1,Position 1,Normal Person,Y,118,-8.47
Position1.xlsx,Sheet1,Position 1,Normal Person,Y,119,-8.9
Position1.xlsx,Sheet1,Position 1,Normal Person,Y,120,-8.47
Position1.xlsx,Sheet1,Position 1,Normal Person,Y,121,-8.47
Position1.xlsx,Sheet1,Position 1,Normal Person,Y,122,-8.63
Position1.xlsx,Sheet1,Position 1,Normal Person,Y,123,-8.9
Position1.xlsx,Sheet1,Position 1,Normal Person,Y,124,-8.67
Position1.xlsx,Sheet1,Position 1,Normal Person,Y,125,-8.79
Position1.xlsx,Sheet1,Position 1,Normal Person,Y,126,-8.43
Position1.xlsx,Sheet1,Position 1,Normal Person,Y,127,-8.83
Position1.xlsx,Sheet1,Position 1,Normal Person,Y,128,-8.51
Position1.xlsx,Sheet1,Position 1,Normal Person,Y,129,-8.94
Position1.xlsx,Sheet1,Position 1,Normal Person,Y,130,-8.87
Position1.xlsx,Sheet1,Position 1,Normal Person,Y,131,-8.9
Position1.xlsx,Sheet1,Position 1,Normal Person,Y,132,-8.79
Position1.xlsx,Sheet1,Position 1,Normal Person,Y,133,-8.24
Position1.xlsx,Sheet1,Position 1,Normal Person,Y,134,-9.22
Position1.xlsx,Sheet1,Position 1,Normal Person,Y,135,-9.06
Position1.xlsx,Sheet1,Position 1,Normal Person,Y,136,-8.83
Position1.xlsx,Sheet1,Position 1,Normal Person,Y,137,-8.43
Position1.xlsx,Sheet1,Position 1,Normal Person,Y,138,-8.08
Position1.xlsx,Sheet1,Position 1,Normal Person,Y,139,-8.12
Position1.xlsx,Sheet1,Position 1,Normal Person,Y,140,-8.63
Position1.xlsx,Sheet1,Position 1,Normal Person,Y,141,-9.57
Position1.xlsx,Sheet1,Position 1,Normal Person,Y,142,-9.57
Position1.xlsx,Sheet1,Position 1,Normal Person,Y,143,-7.41
Position1.xlsx,Sheet1,Position 1,Normal Person,Y,144,-5.65
Position1.xlsx,Sheet1,Position 1,Normal Person,Y,145,-6.32
Position1.xlsx,Sheet1,Position 1,Normal Person,Y,146,-6.55
Position1.xlsx,Sheet1,Position 1,Normal Person,Y,147,-6.08
Position1.xlsx,Sheet1,Position 1,Normal Person,Y,148,-5.73
Position1.xlsx,Sheet1,Position 1,Normal Person,Y,149,-6.04
Position1.xlsx,Sheet1,Position 1,Normal Person,Y,150,-6.12
Position1.xlsx,Sheet1,Position 1,Normal Person,Y,151,-6.24
Position1.xlsx,Sheet1,Position 1,Normal Person,Y,152,-7.41
Position1.xlsx,Sheet1,Position 1,Normal Person,Y,153,-7.88
Position1.xlsx,Sheet1,Position 1,Normal Person,Y,154,-8.12
Position1.xlsx,Sheet1,Position 1,Normal Person,Y,155,-8.75
Position1.xlsx,Sheet1,Position 1,Normal Person,Y,156,-9.77
Position1.xlsx,Sheet1,Position 1,Normal Person,Y,157,-10.87
Position1.xlsx,Sheet1,Position 1,Normal Person,Y,158,-9.81
Position1.xlsx,Sheet1,Position 1,Normal Person,Y,159,-8.94
Position1.xlsx,Sheet1,Position 1,Normal Person,Y,160,-9.14
Position1.xlsx,Sheet1,Position 1,Normal Person,Y,161,-13.38
Position1.xlsx,Sheet1,Position 1,Normal Person,Y,162,-8.83
Position1.xlsx,Sheet1,Position 1,Normal Person,Y,163,-9.85
Position1.xlsx,Sheet1,Position 1,Normal Person,Y,164,-12.51
Position1.xlsx,Sheet1,Position 1,Normal Person,Y,165,-9.1
Position1.xlsx,Sheet1,Position 1,Normal Person,Y,166,-10
Position1.xlsx,Sheet1,Position 1,Normal Person,Y,167,-9.26
Position1.xlsx,Sheet1,Position 1,Normal Person,Y,168,-9.96
Position1.xlsx,Sheet1,Position 1,Normal Person,Y,169,-9.26
Position1.xlsx,Sheet1,Position 1,Normal Person,Y,170,-9.38
Position1.xlsx,Sheet1,Position 1,Normal Person,Y,171,-9.49
Position1.xlsx,Sheet1,Position 1,Normal Person,Y,172,-9.73
Position1.xlsx,Sheet1,Position 1,Normal Person,Y,173,-9.18
Position1.xlsx,Sheet1,Position 1,Normal Person,Y,174,-8.98
Position1.xlsx,Sheet1,Position 1,Normal Person,Y,175,-9.34
Position1.xlsx,Sheet1,Position 1,Normal Person,Y,176,-9.1
Position1.xlsx,Sheet1,Position 1,Normal Person,Y,177,-9.02
Position1.xlsx,Sheet1,Position 1,Normal Person,Y,178,-9.02
Position1.xlsx,Sheet1,Position 1,Normal Person,Y,179,-8.67
Position1.xlsx,Sheet1,Position 1,Normal Person,Y,180,-8.75
Position1.xlsx,Sheet1,Position 1,Normal Person,Y,181,-9.41
Position1.xlsx,Sheet1,Position 1,Normal Person,Y,182,-8.83
Position1.xlsx,Sheet1,Position 1,Normal Person,Y,183,-8.79
Position1.xlsx,Sheet1,Position 1,Normal Person,Y,184,-8.83
Position1.xlsx,Sheet1,Position 1,Normal Person,Y,185,-8.83
Position1.xlsx,Sheet1,Position 1,Normal Person,Y,186,-8.39
Position1.xlsx,Sheet1,Position 1,Normal Person,Y,187,-8.67
Position1.xlsx,Sheet1,Position 1,Normal Person,Y,188,-9.06
Position1.xlsx,Sheet1,Position 1,Normal Person,Y,189,-8.71
Position1.xlsx,Sheet1,Position 1,Normal Person,Y,190,-8.51
Position1.xlsx,Sheet1,Position 1,Normal Person,Y,191,-8.75
Position1.xlsx,Sheet1,Position 1,Normal Person,Y,192,-8.63
Position1.xlsx,Sheet1,Position 1,Normal Person,Y,193,-8.55
Position1.xlsx,Sheet1,Position 1,Normal Person,Y,194,-8.43
Position1.xlsx,Sheet1,Position 1,Normal Person,Y,195,-8.75
Position1.xlsx,Sheet1,Position 1,Normal Person,Y,196,-8.51
Position1.xlsx,Sheet1,Position 1,Normal Person,Y,197,-8.16
Position1.xlsx,Sheet1,Position 1,Normal Person,Y,198,-8.79
Position1.xlsx,Sheet1,Position 1,Normal Person,Y,199,-8.51
Position1.xlsx,Sheet1,Position 1,Normal Person,Y,200,-8.55
Position1.xlsx,Sheet1,Position 1,Normal Person,Y,201,-8.43
Position1.xlsx,Sheet1,Position 1,Normal Person,Y,202,-8.83
Position1.xlsx,Sheet1,Position 1,Normal Person,Y,203,-8.55
Position1.xlsx,Sheet1,Position 1,Normal Person,Y,204,-8.55
Position1.xlsx,Sheet1,Position 1,Normal Person,Y,205,-9.06
Position1.xlsx,Sheet1,Position 1,Normal Person,Y,206,-8.83
Position1.xlsx,Sheet1,Position 1,Normal Person,Y,207,-8.36
Position1.xlsx,Sheet1,Position 1,Normal Person,Y,208,-7.81
Position1.xlsx,Sheet1,Position 1,Normal Person,Y,209,-7.45
Position1.xlsx,Sheet1,Position 1,Normal Person,Y,210,-7.45
Position1.xlsx,Sheet1,Position 1,Normal Person,Y,211,-7.3
Position1.xlsx,Sheet1,Position 1,Normal Person,Y,212,-7.37
Position1.xlsx,Sheet1,Position 1,Normal Person,Y,213,-7.57
Position1.xlsx,Sheet1,Position 1,Normal Person,Y,214,-8.51
Position1.xlsx,Sheet1,Position 1,Normal Person,Y,215,-9.1
Position1.xlsx,Sheet1,Position 1,Normal Person,Y,216,-8.9
Position1.xlsx,Sheet1,Position 1,Normal Person,Y,217,-6.9
Position1.xlsx,Sheet1,Position 1,Normal Person,Y,218,-5.33
Position1.xlsx,Sheet1,Position 1,Normal Person,Y,219,-3.53
Position1.xlsx,Sheet1,Position 1,Normal Person,Y,220,-4
Position1.xlsx,Sheet1,Position 1,Normal Person,Y,221,-4.98
Position1.xlsx,Sheet1,Position 1,Normal Person,Y,222,-6.67
Position1.xlsx,Sheet1,Position 1,Normal Person,Y,223,-6.79
Position1.xlsx,Sheet1,Position 1,Normal Person,Y,224,-7.3
Position1.xlsx,Sheet1,Position 1,Normal Person,Y,225,-7.73
Position1.xlsx,Sheet1,Position 1,Normal Person,Y,226,-7.73
Position1.xlsx,Sheet1,Position 1,Normal Person,Y,227,-8.16
Position1.xlsx,Sheet1,Position 1,Normal Person,Y,228,-9.14
Position1.xlsx,Sheet1,Position 1,Normal Person,Y,229,-9.81
Position1.xlsx,Sheet1,Position 1,Normal Person,Y,230,-11.89
Position1.xlsx,Sheet1,Position 1,Normal Person,Y,231,-7.61
Position1.xlsx,Sheet1,Position 1,Normal Person,Y,232,-7.92
Position1.xlsx,Sheet1,Position 1,Normal Person,Y,233,-8.43
Position1.xlsx,Sheet1,Position 1,Normal Person,Y,234,-17.34
Position1.xlsx,Sheet1,Position 1,Normal Person,Y,235,-6.12
Position1.xlsx,Sheet1,Position 1,Normal Person,Y,236,-13.96
Position1.xlsx,Sheet1,Position 1,Normal Person,Y,237,-7.69
Position1.xlsx,Sheet1,Position 1,Normal Person,Y,238,-10.51
Position1.xlsx,Sheet1,Position 1,Normal Person,Y,239,-9.81
Position1.xlsx,Sheet1,Position 1,Normal Person,Y,240,-9.57
Position1.xlsx,Sheet1,Position 1,Normal Person,Y,241,-9.06
Position1.xlsx,Sheet1,Position 1,Normal Person,Y,242,-9.34
Position1.xlsx,Sheet1,Position 1,Normal Person,Y,243,-9.45
Position1.xlsx,Sheet1,Position 1,Normal Person,Y,244,-9.41
Position1.xlsx,Sheet1,Position 1,Normal Person,Y,245,-9.06
Position1.xlsx,Sheet1,Position 1,Normal Person,Y,246,-9.1
Position1.xlsx,Sheet1,Position 1,Normal Person,Y,247,-9.02
Position1.xlsx,Sheet1,Position 1,Normal Person,Y,248,-8.63
Position1.xlsx,Sheet1,Position 1,Normal Person,Y,249,-8.87
Position1.xlsx,Sheet1,Position 1,Normal Person,Y,250,-8.87
Position1.xlsx,Sheet1,Position 1,Normal Person,Y,251,-9.1
Position1.xlsx,Sheet1,Position 1,Normal Person,Y,252,-8.67
Position1.xlsx,Sheet1,Position 1,Normal Person,Y,253,-8.87
Position1.xlsx,Sheet1,Position 1,Normal Person,Y,254,-8.51
Position1.xlsx,Sheet1,Position 1,Normal Person,Y,255,-8.36
Position1.xlsx,Sheet1,Position 1,Normal Person,Y,256,-8.39
Position1.xlsx,Sheet1,Position 1,Normal Person,Y,257,-8.47
Position1.xlsx,Sheet1,Position 1,Normal Person,Y,258,-8.79
Position1.xlsx,Sheet1,Position 1,Normal Person,Y,259,-8.87
Position1.xlsx,Sheet1,Position 1,Normal Person,Y,260,-8.47
Position1.xlsx,Sheet1,Position 1,Normal Person,Z,1,4.55
Position1.xlsx,Sheet1,Position 1,Normal Person,Z,2,4.39
Position1.xlsx,Sheet1,Position 1,Normal Person,Z,3,4.35
Position1.xlsx,Sheet1,Position 1,Normal Person,Z,4,4.2
Position1.xlsx,Sheet1,Position 1,Normal Person,Z,5,3.84
Position1.xlsx,Sheet1,Position 1,Normal Person,Z,6,3.92
Position1.xlsx,Sheet1,Position 1,Normal Person,Z,7,5.14
Position1.xlsx,Sheet1,Position 1,Normal Person,Z,8,5.02
Position1.xlsx,Sheet1,Position 1,Normal Person,Z,9,4.67
Position1.xlsx,Sheet1,Position 1,Normal Person,Z,10,2.82
Position1.xlsx,Sheet1,Position 1,Normal Person,Z,11,4.55
Position1.xlsx,Sheet1,Position 1,Normal Person,Z,12,5.96
Position1.xlsx,Sheet1,Position 1,Normal Person,Z,13,8.98
Position1.xlsx,Sheet1,Position 1,Normal Person,Z,14,5.22
Position1.xlsx,Sheet1,Position 1,Normal Person,Z,15,2.75
Position1.xlsx,Sheet1,Position 1,Normal Person,Z,16,5.65
Position1.xlsx,Sheet1,Position 1,Normal Person,Z,17,6.12
Position1.xlsx,Sheet1,Position 1,Normal Person,Z,18,6
Position1.xlsx,Sheet1,Position 1,Normal Person,Z,19,5.3
Position1.xlsx,Sheet1,Position 1,Normal Person,Z,20,5.57
Position1.xlsx,Sheet1,Position 1,Normal Person,Z,21,4.86
Position1.xlsx,Sheet1,Position 1,Normal Person,Z,22,4.9
Position1.xlsx,Sheet1,Position 1,Normal Person,Z,23,5.14
Position1.xlsx,Sheet1,Position 1,Normal Person,Z,24,4.82
Position1.xlsx,Sheet1,Position 1,Normal Person,Z,25,0.78
Position1.xlsx,Sheet1,Position 1,Normal Person,Z,26,-0.59
Position1.xlsx,Sheet1,Position 1,Normal Person,Z,27,4.39
Position1.xlsx,Sheet1,Position 1,Normal Person,Z,28,0.63
Position1.xlsx,Sheet1,Position 1,Normal Person,Z,29,2.94
Position1.xlsx,Sheet1,Position 1,Normal Person,Z,30,2.63
Position1.xlsx,Sheet1,Position 1,Normal Person,Z,31,3.06
Position1.xlsx,Sheet1,Position 1,Normal Person,Z,32,2.31
Position1.xlsx,Sheet1,Position 1,Normal Person,Z,33,2.9
Position1.xlsx,Sheet1,Position 1,Normal Person,Z,34,2.67
Position1.xlsx,Sheet1,Position 1,Normal Person,Z,35,2.59
Position1.xlsx,Sheet1,Position 1,Normal Person,Z,36,2.47
Position1.xlsx,Sheet1,Position 1,Normal Person,Z,37,1.49
Position1.xlsx,Sheet1,Position 1,Normal Person,Z,38,3.18
Position1.xlsx,Sheet1,Position 1,Normal Person,Z,39,3.33
Position1.xlsx,Sheet1,Position 1,Normal Person,Z,40,3.06
Position1.xlsx,Sheet1,Position 1,Normal Person,Z,41,2.2
Position1.xlsx,Sheet1,Position 1,Normal Person,Z,42,1.8
Position1.xlsx,Sheet1,Position 1,Normal Person,Z,43,2.67
Position1.xlsx,Sheet1,Position 1,Normal Person,Z,44,2.82
Position1.xlsx,Sheet1,Position 1,Normal Person,Z,45,3.02
Position1.xlsx,Sheet1,Position 1,Normal Person,Z,46,2.51
Position1.xlsx,Sheet1,Position 1,Normal Person,Z,47,2.63
Position1.xlsx,Sheet1,Position 1,Normal Person,Z,48,2.55
Position1.xlsx,Sheet1,Position 1,Normal Person,Z,49,3.3
Position1.xlsx,Sheet1,Position 1,Normal Person,Z,50,2.98
Position1.xlsx,Sheet1,Position 1,Normal Person,Z,51,3.33
Position1.xlsx,Sheet1,Position 1,Normal Person,Z,52,2.94
Position1.xlsx,Sheet1,Position 1,Normal Person,Z,53,2.59
Position1.xlsx,Sheet1,Position 1,Normal Person,Z,54,3.26
Position1.xlsx,Sheet1,Position 1,Normal Person,Z,55,3.18
Position1.xlsx,Sheet1,Position 1,Normal Person,Z,56,3.69
Position1.xlsx,Sheet1,Position 1,Normal Person,Z,57,2.75
Position1.xlsx,Sheet1,Position 1,Normal Person,Z,58,3.77
Position1.xlsx,Sheet1,Position 1,Normal Person,Z,59,3.57
Position1.xlsx,Sheet1,Position 1,Normal Person,Z,60,2.79
Position1.xlsx,Sheet1,Position 1,Normal Person,Z,61,4.04
Position1.xlsx,Sheet1,Position 1,Normal Person,Z,62,3.53
Position1.xlsx,Sheet1,Position 1,Normal Person,Z,63,2.9
Position1.xlsx,Sheet1,Position 1,Normal Person,Z,64,4.35
Position1.xlsx,Sheet1,Position 1,Normal Person,Z,65,3.92
Position1.xlsx,Sheet1,Position 1,Normal Person,Z,66,3.14
Position1.xlsx,Sheet1,Position 1,Normal Person,Z,67,4.47
Position1.xlsx,Sheet1,Position 1,Normal Person,Z,68,4.43
Position1.xlsx,Sheet1,Position 1,Normal Person,Z,69,5.18
Position1.xlsx,Sheet1,Position 1,Normal Person,Z,70,5.37
Position1.xlsx,Sheet1,Position 1,Normal Person,Z,71,4.94
Position1.xlsx,Sheet1,Position 1,Normal Person,Z,72,5.81
Position1.xlsx,Sheet1,Position 1,Normal Person,Z,73,6.32
Position1.xlsx,Sheet1,Position 1,Normal Person,Z,74,5.53
Position1.xlsx,Sheet1,Position 1,Normal Person,Z,75,5.37
Position1.xlsx,Sheet1,Position 1,Normal Person,Z,76,5.37
Position1.xlsx,Sheet1,Position 1,Normal Person,Z,77,6.71
Position1.xlsx,Sheet1,Position 1,Normal Person,Z,78,7.37
Position1.xlsx,Sheet1,Position 1,Normal Person,Z,79,8.39
Position1.xlsx,Sheet1,Position 1,Normal Person,Z,80,3.65
Position1.xlsx,Sheet1,Position 1,Normal Person,Z,81,3.69
Position1.xlsx,Sheet1,Position 1,Normal Person,Z,82,5.22
Position1.xlsx,Sheet1,Position 1,Normal Person,Z,83,6.43
Position1.xlsx,Sheet1,Position 1,Normal Person,Z,84,6.39
Position1.xlsx,Sheet1,Position 1,Normal Person,Z,85,7.1
Position1.xlsx,Sheet1,Position 1,Normal Person,Z,86,6.55
Position1.xlsx,Sheet1,Position 1,Normal Person,Z,87,6
Position1.xlsx,Sheet1,Position 1,Normal Person,Z,88,4.55
Position1.xlsx,Sheet1,Position 1,Normal Person,Z,89,5.02
Position1.xlsx,Sheet1,Position 1,Normal Person,Z,90,8.43
Position1.xlsx,Sheet1,Position 1,Normal Person,Z,91,4.39
Position1.xlsx,Sheet1,Position 1,Normal Person,Z,92,3.77
Position1.xlsx,Sheet1,Position 1,Normal Person,Z,93,5.06
Position1.xlsx,Sheet1,Position 1,Normal Person,Z,94,1.92
Position1.xlsx,Sheet1,Position 1,Normal Person,Z,95,-3.33
Position1.xlsx,Sheet1,Position 1,Normal Person,Z,96,5.88
Position1.xlsx,Sheet1,Position 1,Normal Person,Z,97,-2.39
Position1.xlsx,Sheet1,Position 1,Normal Person,Z,98,2.04
Position1.xlsx,Sheet1,Position 1,Normal Person,Z,99,1.14
Position1.xlsx,Sheet1,Position 1,Normal Person,Z,100,3.73
Position1.xlsx,Sheet1,Position 1,Normal Person,Z,101,1.65
Position1.xlsx,Sheet1,Position 1,Normal Person,Z,102,1.88
Position1.xlsx,Sheet1,Position 1,Normal Person,Z,103,1.84
Position1.xlsx,Sheet1,Position 1,Normal Person,Z,104,2.55
Position1.xlsx,Sheet1,Position 1,Normal Person,Z,105,3.3
Position1.xlsx,Sheet1,Position 1,Normal Person,Z,106,1.73
Position1.xlsx,Sheet1,Position 1,Normal Person,Z,107,3.1
Position1.xlsx,Sheet1,Position 1,Normal Person,Z,108,2.55
Position1.xlsx,Sheet1,Position 1,Normal Person,Z,109,2.82
Position1.xlsx,Sheet1,Position 1,Normal Person,Z,110,2.86
Position1.xlsx,Sheet1,Position 1,Normal Person,Z,111,2.04
Position1.xlsx,Sheet1,Position 1,Normal Person,Z,112,2.51
Position1.xlsx,Sheet1,Position 1,Normal Person,Z,113,2.79
Position1.xlsx,Sheet1,Position 1,Normal Person,Z,114,3.45
Position1.xlsx,Sheet1,Position 1,Normal Person,Z,115,3.14
Position1.xlsx,Sheet1,Position 1,Normal Person,Z,116,3.22
Position1.xlsx,Sheet1,Position 1,Normal Person,Z,117,2.59
Position1.xlsx,Sheet1,Position 1,Normal Person,Z,118,2.94
Position1.xlsx,Sheet1,Position 1,Normal Person,Z,119,3.33
Position1.xlsx,Sheet1,Position 1,Normal Person,Z,120,3.41
Position1.xlsx,Sheet1,Position 1,Normal Person,Z,121,3.45
Position1.xlsx,Sheet1,Position 1,Normal Person,Z,122,2.86
Position1.xlsx,Sheet1,Position 1,Normal Person,Z,123,2.86
Position1.xlsx,Sheet1,Position 1,Normal Person,Z,124,3.22
Position1.xlsx,Sheet1,Position 1,Normal Person,Z,125,3.37
Position1.xlsx,Sheet1,Position 1,Normal Person,Z,126,3.37
Position1.xlsx,Sheet1,Position 1,Normal Person,Z,127,2.94
Position1.xlsx,Sheet1,Position 1,Normal Person,Z,128,2.63
Position1.xlsx,Sheet1,Position 1,Normal Person,Z,129,2.86
Position1.xlsx,Sheet1,Position 1,Normal Person,Z,130,3.22
Position1.xlsx,Sheet1,Position 1,Normal Person,Z,131,3.41
Position1.xlsx,Sheet1,Position 1,Normal Person,Z,132,3.84
Position1.xlsx,Sheet1,Position 1,Normal Person,Z,133,3.22
Position1.xlsx,Sheet1,Position 1,Normal Person,Z,134,4.35
Position1.xlsx,Sheet1,Position 1,Normal Person,Z,135,4.82
Position1.xlsx,Sheet1,Position 1,Normal Person,Z,136,4.98
Position1.xlsx,Sheet1,Position 1,Normal Person,Z,137,5.02
Position1.xlsx,Sheet1,Position 1,Normal Person,Z,138,4.98
Position1.xlsx,Sheet1,Position 1,Normal Person,Z,139,5.02
Position1.xlsx,Sheet1,Position 1,Normal Person,Z,140,5.3
Position1.xlsx,Sheet1,Position 1,Normal Person,Z,141,5.26
Position1.xlsx,Sheet1,Position 1,Normal Person,Z,142,6.71
Position1.xlsx,Sheet1,Position 1,Normal Person,Z,143,7.85
Position1.xlsx,Sheet1,Position 1,Normal Person,Z,144,3.49
Position1.xlsx,Sheet1,Position 1,Normal Person,Z,145,5.69
Position1.xlsx,Sheet1,Position 1,Normal Person,Z,146,7.65
Position1.xlsx,Sheet1,Position 1,Normal Person,Z,147,7.41
Position1.xlsx,Sheet1,Position 1,Normal Person,Z,148,6.63
Position1.xlsx,Sheet1,Position 1,Normal Person,Z,149,6.67
Position1.xlsx,Sheet1,Position 1,Normal Person,Z,150,6.59
Position1.xlsx,Sheet1,Position 1,Normal Person,Z,151,6.39
Position1.xlsx,Sheet1,Position 1,Normal Person,Z,152,5.41
Position1.xlsx,Sheet1,Position 1,Normal Person,Z,153,6.35
Position1.xlsx,Sheet1,Position 1,Normal Person,Z,154,6.63
Position1.xlsx,Sheet1,Position 1,Normal Person,Z,155,4.98
Position1.xlsx,Sheet1,Position 1,Normal Person,Z,156,5.26
Position1.xlsx,Sheet1,Position 1,Normal Person,Z,157,5.18
Position1.xlsx,Sheet1,Position 1,Normal Person,Z,158,4.28
Position1.xlsx,Sheet1,Position 1,Normal Person,Z,159,4.67
Position1.xlsx,Sheet1,Position 1,Normal Person,Z,160,4.51
Position1.xlsx,Sheet1,Position 1,Normal Person,Z,161,-0.94
Position1.xlsx,Sheet1,Position 1,Normal Person,Z,162,2.63
Position1.xlsx,Sheet1,Position 1,Normal Person,Z,163,4.24
Position1.xlsx,Sheet1,Position 1,Normal Person,Z,164,-2.59
Position1.xlsx,Sheet1,Position 1,Normal Person,Z,165,3.69
Position1.xlsx,Sheet1,Position 1,Normal Person,Z,166,2.12
Position1.xlsx,Sheet1,Position 1,Normal Person,Z,167,3.57
Position1.xlsx,Sheet1,Position 1,Normal Person,Z,168,1.8
Position1.xlsx,Sheet1,Position 1,Normal Person,Z,169,2.67
Position1.xlsx,Sheet1,Position 1,Normal Person,Z,170,2.82
Position1.xlsx,Sheet1,Position 1,Normal Person,Z,171,2.67
Position1.xlsx,Sheet1,Position 1,Normal Person,Z,172,2.39
Position1.xlsx,Sheet1,Position 1,Normal Person,Z,173,3.14
Position1.xlsx,Sheet1,Position 1,Normal Person,Z,174,3.14
Position1.xlsx,Sheet1,Position 1,Normal Person,Z,175,2.2
Position1.xlsx,Sheet1,Position 1,Normal Person,Z,176,3.18
Position1.xlsx,Sheet1,Position 1,Normal Person,Z,177,2.75
Position1.xlsx,Sheet1,Position 1,Normal Person,Z,178,3.3
Position1.xlsx,Sheet1,Position 1,Normal Person,Z,179,3.33
Position1.xlsx,Sheet1,Position 1,Normal Person,Z,180,2.35
Position1.xlsx,Sheet1,Position 1,Normal Person,Z,181,1.57
Position1.xlsx,Sheet1,Position 1,Normal Person,Z,182,2.2
Position1.xlsx,Sheet1,Position 1,Normal Person,Z,183,2
Position1.xlsx,Sheet1,Position 1,Normal Person,Z,184,3.37
Position1.xlsx,Sheet1,Position 1,Normal Person,Z,185,3.53
Position1.xlsx,Sheet1,Position 1,Normal Person,Z,186,3.37
Position1.xlsx,Sheet1,Position 1,Normal Person,Z,187,2.31
Position1.xlsx,Sheet1,Position 1,Normal Person,Z,188,2.75
Position1.xlsx,Sheet1,Position 1,Normal Person,Z,189,2.63
Position1.xlsx,Sheet1,Position 1,Normal Person,Z,190,3.02
Position1.xlsx,Sheet1,Position 1,Normal Person,Z,191,3.18
Position1.xlsx,Sheet1,Position 1,Normal Person,Z,192,3.33
Position1.xlsx,Sheet1,Position 1,Normal Person,Z,193,3.1
Position1.xlsx,Sheet1,Position 1,Normal Person,Z,194,2.71
Position1.xlsx,Sheet1,Position 1,Normal Person,Z,195,3.14
Position1.xlsx,Sheet1,Position 1,Normal Person,Z,196,3.22
Position1.xlsx,Sheet1,Position 1,Normal Person,Z,197,3.26
Position1.xlsx,Sheet1,Position 1,Normal Person,Z,198,2.71
Position1.xlsx,Sheet1,Position 1,Normal Person,Z,199,4.16
Position1.xlsx,Sheet1,Position 1,Normal Person,Z,200,3.61
Position1.xlsx,Sheet1,Position 1,Normal Person,Z,201,3.37
Position1.xlsx,Sheet1,Position 1,Normal Person,Z,202,3.96
Position1.xlsx,Sheet1,Position 1,Normal Person,Z,203,3.73
Position1.xlsx,Sheet1,Position 1,Normal Person,Z,204,4.24
Position1.xlsx,Sheet1,Position 1,Normal Person,Z,205,4.59
Position1.xlsx,Sheet1,Position 1,Normal Person,Z,206,4.59
Position1.xlsx,Sheet1,Position 1,Normal Person,Z,207,5.02
Position1.xlsx,Sheet1,Position 1,Normal Person,Z,208,4.82
Position1.xlsx,Sheet1,Position 1,Normal Person,Z,209,4.9
Position1.xlsx,Sheet1,Position 1,Normal Person,Z,210,5.33
Position1.xlsx,Sheet1,Position 1,Normal Person,Z,211,5.49
Position1.xlsx,Sheet1,Position 1,Normal Person,Z,212,5.88
Position1.xlsx,Sheet1,Position 1,Normal Person,Z,213,6.12
Position1.xlsx,Sheet1,Position 1,Normal Person,Z,214,5.45
Position1.xlsx,Sheet1,Position 1,Normal Person,Z,215,6.28
Position1.xlsx,Sheet1,Position 1,Normal Person,Z,216,6.59
Position1.xlsx,Sheet1,Position 1,Normal Person,Z,217,8.63
Position1.xlsx,Sheet1,Position 1,Normal Person,Z,218,7.49
Position1.xlsx,Sheet1,Position 1,Normal Person,Z,219,4.94
Position1.xlsx,Sheet1,Position 1,Normal Person,Z,220,3.33
Position1.xlsx,Sheet1,Position 1,Normal Person,Z,221,5.73
Position1.xlsx,Sheet1,Position 1,Normal Person,Z,222,7.92
Position1.xlsx,Sheet1,Position 1,Normal Person,Z,223,6.86
Position1.xlsx,Sheet1,Position 1,Normal Person,Z,224,6.12
Position1.xlsx,Sheet1,Position 1,Normal Person,Z,225,6.86
Position1.xlsx,Sheet1,Position 1,Normal Person,Z,226,6.59
Position1.xlsx,Sheet1,Position 1,Normal Person,Z,227,5.45
Position1.xlsx,Sheet1,Position 1,Normal Person,Z,228,6.47
Position1.xlsx,Sheet1,Position 1,Normal Person,Z,229,6.32
Position1.xlsx,Sheet1,Position 1,Normal Person,Z,230,9.14
Position1.xlsx,Sheet1,Position 1,Normal Person,Z,231,5.96
Position1.xlsx,Sheet1,Position 1,Normal Person,Z,232,5.49
Position1.xlsx,Sheet1,Position 1,Normal Person,Z,233,4.47
Position1.xlsx,Sheet1,Position 1,Normal Person,Z,234,-8.16
Position1.xlsx,Sheet1,Position 1,Normal Person,Z,235,7.96
Position1.xlsx,Sheet1,Position 1,Normal Person,Z,236,-4.47
Position1.xlsx,Sheet1,Position 1,Normal Person,Z,237,3.22
Position1.xlsx,Sheet1,Position 1,Normal Person,Z,238,1.1
Position1.xlsx,Sheet1,Position 1,Normal Person,Z,239,3.61
Position1.xlsx,Sheet1,Position 1,Normal Person,Z,240,3.65
Position1.xlsx,Sheet1,Position 1,Normal Person,Z,241,1.84
Position1.xlsx,Sheet1,Position 1,Normal Person,Z,242,1.65
Position1.xlsx,Sheet1,Position 1,Normal Person,Z,243,2.79
Position1.xlsx,Sheet1,Position 1,Normal Person,Z,244,3.22
Position1.xlsx,Sheet1,Position 1,Normal Person,Z,245,1.77
Position1.xlsx,Sheet1,Position 1,Normal Person,Z,246,2.98
Position1.xlsx,Sheet1,Position 1,Normal Person,Z,247,3.57
Position1.xlsx,Sheet1,Position 1,Normal Person,Z,248,3.06
Position1.xlsx,Sheet1,Position 1,Normal Person,Z,249,2.86
Position1.xlsx,Sheet1,Position 1,Normal Person,Z,250,2.31
Position1.xlsx,Sheet1,Position 1,Normal Person,Z,251,2.82
Position1.xlsx,Sheet1,Position 1,Normal Person,Z,252,2.55
Position1.xlsx,Sheet1,Position 1,Normal Person,Z,253,2.75
Position1.xlsx,Sheet1,Position 1,Normal Person,Z,254,3.49
Position1.xlsx,Sheet1,Position 1,Normal Person,Z,255,3.65
Position1.xlsx,Sheet1,Position 1,Normal Person,Z,256,4.04
Position1.xlsx,Sheet1,Position 1,Normal Person,Z,257,2.94
Position1.xlsx,Sheet1,Position 1,Normal Person,Z,258,2.75
Position1.xlsx,Sheet1,Position 1,Normal Person,Z,259,3.18
Position1.xlsx,Sheet1,Position 1,Normal Person,Z,260,3.26
Position1.xlsx,Sheet1,Position 1,Our Subject,X,1,2.24
Position1.xlsx,Sheet1,Position 1,Our Subject,X,2,2.12
Position1.xlsx,Sheet1,Position 1,Our Subject,X,3,1.92
Position1.xlsx,Sheet1,Position 1,Our Subject,X,4,2.12
Position1.xlsx,Sheet1,Position 1,Our Subject,X,5,2.12
Position1.xlsx,Sheet1,Position 1,Our Subject,X,6,2.39
Position1.xlsx,Sheet1,Position 1,Our Subject,X,7,2.43
Position1.xlsx,Sheet1,Position 1,Our Subject,X,8,2.51
Position1.xlsx,Sheet1,Position 1,Our Subject,X,9,2.47
Position1.xlsx,Sheet1,Position 1,Our Subject,X,10,2.35
Position1.xlsx,Sheet1,Position 1,Our Subject,X,11,1.92
Position1.xlsx,Sheet1,Position 1,Our Subject,X,12,2.35
Position1.xlsx,Sheet1,Position 1,Our Subject,X,13,2.24
Position1.xlsx,Sheet1,Position 1,Our Subject,X,14,2.16
Position1.xlsx,Sheet1,Position 1,Our Subject,X,15,3.37
Position1.xlsx,Sheet1,Position 1,Our Subject,X,16,2.2
Position1.xlsx,Sheet1,Position 1,Our Subject,X,17,2.63
Position1.xlsx,Sheet1,Position 1,Our Subject,X,18,2.39
Position1.xlsx,Sheet1,Position 1,Our Subject,X,19,2.31
Position1.xlsx,Sheet1,Position 1,Our Subject,X,20,1.96
Position1.xlsx,Sheet1,Position 1,Our Subject,X,21,2.63
Position1.xlsx,Sheet1,Position 1,Our Subject,X,22,2.2
Position1.xlsx,Sheet1,Position 1,Our Subject,X,23,2.79
Position1.xlsx,Sheet1,Position 1,Our Subject,X,24,2.82
Position1.xlsx,Sheet1,Position 1,Our Subject,X,25,3.73
Position1.xlsx,Sheet1,Position 1,Our Subject,X,26,1.57
Position1.xlsx,Sheet1,Position 1,Our Subject,X,27,-0.08
Position1.xlsx,Sheet1,Position 1,Our Subject,X,28,0.82
Position1.xlsx,Sheet1,Position 1,Our Subject,X,29,2.28
Position1.xlsx,Sheet1,Position 1,Our Subject,X,30,2.63
Position1.xlsx,Sheet1,Position 1,Our Subject,X,31,2.47
Position1.xlsx,Sheet1,Position 1,Our Subject,X,32,2.31
Position1.xlsx,Sheet1,Position 1,Our Subject,X,33,2.12
Position1.xlsx,Sheet1,Position 1,Our Subject,X,34,2.67
Position1.xlsx,Sheet1,Position 1,Our Subject,X,35,2.12
Position1.xlsx,Sheet1,Position 1,Our Subject,X,36,2.51
Position1.xlsx,Sheet1,Position 1,Our Subject,X,37,3.49
Position1.xlsx,Sheet1,Position 1,Our Subject,X,38,3.22
Position1.xlsx,Sheet1,Position 1,Our Subject,X,39,1.96
Position1.xlsx,Sheet1,Position 1,Our Subject,X,40,2.2
Position1.xlsx,Sheet1,Position 1,Our Subject,X,41,0.04
Position1.xlsx,Sheet1,Position 1,Our Subject,X,42,0.55
Position1.xlsx,Sheet1,Position 1,Our Subject,X,43,1.06
Position1.xlsx,Sheet1,Position 1,Our Subject,X,44,6.24
Position1.xlsx,Sheet1,Position 1,Our Subject,X,45,2.9
Position1.xlsx,Sheet1,Position 1,Our Subject,X,46,2
Position1.xlsx,Sheet1,Position 1,Our Subject,X,47,2.63
Position1.xlsx,Sheet1,Position 1,Our Subject,X,48,2.59
Position1.xlsx,Sheet1,Position 1,Our Subject,X,49,3.49
Position1.xlsx,Sheet1,Position 1,Our Subject,X,50,3.37
Position1.xlsx,Sheet1,Position 1,Our Subject,X,51,2.98
Position1.xlsx,Sheet1,Position 1,Our Subject,X,52,3.14
Position1.xlsx,Sheet1,Position 1,Our Subject,X,53,3.26
Position1.xlsx,Sheet1,Position 1,Our Subject,X,54,3.3
Position1.xlsx,Sheet1,Position 1,Our Subject,X,55,3.1
Position1.xlsx,Sheet1,Position 1,Our Subject,X,56,2.98
Position1.xlsx,Sheet1,Position 1,Our Subject,X,57,2.67
Position1.xlsx,Sheet1,Position 1,Our Subject,X,58,3.26
Position1.xlsx,Sheet1,Position 1,Our Subject,X,59,2.79
Position1.xlsx,Sheet1,Position 1,Our Subject,X,60,2.82
Position1.xlsx,Sheet1,Position 1,Our Subject,X,61,2.59
Position1.xlsx,Sheet1,Position 1,Our Subject,X,62,2.51
Position1.xlsx,Sheet1,Position 1,Our Subject,X,63,2.39
Position1.xlsx,Sheet1,Position 1,Our Subject,X,64,2.55
Position1.xlsx,Sheet1,Position 1,Our Subject,X,65,2.39
Position1.xlsx,Sheet1,Position 1,Our Subject,X,66,2.47
Position1.xlsx,Sheet1,Position 1,Our Subject,X,67,2.51
Position1.xlsx,Sheet1,Position 1,Our Subject,X,68,2.9
Position1.xlsx,Sheet1,Position 1,Our Subject,X,69,2.63
Position1.xlsx,Sheet1,Position 1,Our Subject,X,70,2.59
Position1.xlsx,Sheet1,Position 1,Our Subject,X,71,2.43
Position1.xlsx,Sheet1,Position 1,Our Subject,X,72,2.82
Position1.xlsx,Sheet1,Position 1,Our Subject,X,73,2.47
Position1.xlsx,Sheet1,Position 1,Our Subject,X,74,2.9
Position1.xlsx,Sheet1,Position 1,Our Subject,X,75,2.35
Position1.xlsx,Sheet1,Position 1,Our Subject,X,76,2.55
Position1.xlsx,Sheet1,Position 1,Our Subject,X,77,3.53
Position1.xlsx,Sheet1,Position 1,Our Subject,X,78,3.22
Position1.xlsx,Sheet1,Position 1,Our Subject,X,79,2.75
Position1.xlsx,Sheet1,Position 1,Our Subject,X,80,2.31
Position1.xlsx,Sheet1,Position 1,Our Subject,X,81,2
Position1.xlsx,Sheet1,Position 1,Our Subject,X,82,1.61
Position1.xlsx,Sheet1,Position 1,Our Subject,X,83,2.98
Position1.xlsx,Sheet1,Position 1,Our Subject,X,84,3.73
Position1.xlsx,Sheet1,Position 1,Our Subject,X,85,-0.39
Position1.xlsx,Sheet1,Position 1,Our Subject,X,86,2.28
Position1.xlsx,Sheet1,Position 1,Our Subject,X,87,1.29
Position1.xlsx,Sheet1,Position 1,Our Subject,X,88,-0.31
Position1.xlsx,Sheet1,Position 1,Our Subject,X,89,-0.98
Position1.xlsx,Sheet1,Position 1,Our Subject,X,90,1.65
Position1.xlsx,Sheet1,Position 1,Our Subject,X,91,2.47
Position1.xlsx,Sheet1,Position 1,Our Subject,X,92,3.37
Position1.xlsx,Sheet1,Position 1,Our Subject,X,93,2.28
Position1.xlsx,Sheet1,Position 1,Our Subject,X,94,2.63
Position1.xlsx,Sheet1,Position 1,Our Subject,X,95,3.45
Position1.xlsx,Sheet1,Position 1,Our Subject,X,96,3.65
Position1.xlsx,Sheet1,Position 1,Our Subject,X,97,2.79
Position1.xlsx,Sheet1,Position 1,Our Subject,X,98,2.79
Position1.xlsx,Sheet1,Position 1,Our Subject,X,99,2.55
Position1.xlsx,Sheet1,Position 1,Our Subject,X,100,1.84
Position1.xlsx,Sheet1,Position 1,Our Subject,X,101,0.86
Position1.xlsx,Sheet1,Position 1,Our Subject,X,102,2.04
Position1.xlsx,Sheet1,Position 1,Our Subject,X,103,0.94
Position1.xlsx,Sheet1,Position 1,Our Subject,X,104,-0.94
Position1.xlsx,Sheet1,Position 1,Our Subject,X,105,1.8
Position1.xlsx,Sheet1,Position 1,Our Subject,X,106,3.65
Position1.xlsx,Sheet1,Position 1,Our Subject,X,107,2.39
Position1.xlsx,Sheet1,Position 1,Our Subject,X,108,3.41
Position1.xlsx,Sheet1,Position 1,Our Subject,X,109,3.8
Position1.xlsx,Sheet1,Position 1,Our Subject,X,110,3.49
Position1.xlsx,Sheet1,Position 1,Our Subject,X,111,2.63
Position1.xlsx,Sheet1,Position 1,Our Subject,X,112,3.14
Position1.xlsx,Sheet1,Position 1,Our Subject,X,113,2.98
Position1.xlsx,Sheet1,Position 1,Our Subject,X,114,2.43
Position1.xlsx,Sheet1,Position 1,Our Subject,X,115,2.12
Position1.xlsx,Sheet1,Position 1,Our Subject,X,116,2.98
Position1.xlsx,Sheet1,Position 1,Our Subject,X,117,2.63
Position1.xlsx,Sheet1,Position 1,Our Subject,X,118,2.55
Position1.xlsx,Sheet1,Position 1,Our Subject,X,119,2.47
Position1.xlsx,Sheet1,Position 1,Our Subject,X,120,2.2
Position1.xlsx,Sheet1,Position 1,Our Subject,X,121,2.39
Position1.xlsx,Sheet1,Position 1,Our Subject,X,122,2.16
Position1.xlsx,Sheet1,Position 1,Our Subject,X,123,2.39
Position1.xlsx,Sheet1,Position 1,Our Subject,X,124,2.28
Position1.xlsx,Sheet1,Position 1,Our Subject,X,125,2.39
Position1.xlsx,Sheet1,Position 1,Our Subject,X,126,2.51
Position1.xlsx,Sheet1,Position 1,Our Subject,X,127,2.28
Position1.xlsx,Sheet1,Position 1,Our Subject,X,128,2.24
Position1.xlsx,Sheet1,Position 1,Our Subject,X,129,2.47
Position1.xlsx,Sheet1,Position 1,Our Subject,X,130,2.31
Position1.xlsx,Sheet1,Position 1,Our Subject,X,131,2
Position1.xlsx,Sheet1,Position 1,Our Subject,X,132,2.24
Position1.xlsx,Sheet1,Position 1,Our Subject,X,133,2.2
Position1.xlsx,Sheet1,Position 1,Our Subject,X,134,2.67
Position1.xlsx,Sheet1,Position 1,Our Subject,X,135,2.75
Position1.xlsx,Sheet1,Position 1,Our Subject,X,136,2.35
Position1.xlsx,Sheet1,Position 1,Our Subject,X,137,3.06
Position1.xlsx,Sheet1,Position 1,Our Subject,X,138,3.37
Position1.xlsx,Sheet1,Position 1,Our Subject,X,139,2.04
Position1.xlsx,Sheet1,Position 1,Our Subject,X,140,2.55
Position1.xlsx,Sheet1,Position 1,Our Subject,X,141,-0.82
Position1.xlsx,Sheet1,Position 1,Our Subject,X,142,2.47
Position1.xlsx,Sheet1,Position 1,Our Subject,X,143,5.45
Position1.xlsx,Sheet1,Position 1,Our Subject,X,144,1.41
Position1.xlsx,Sheet1,Position 1,Our Subject,X,145,2.86
Position1.xlsx,Sheet1,Position 1,Our Subject,X,146,2.16
Position1.xlsx,Sheet1,Position 1,Our Subject,X,147,2.67
Position1.xlsx,Sheet1,Position 1,Our Subject,X,148,0.9
Position1.xlsx,Sheet1,Position 1,Our Subject,X,149,1.77
Position1.xlsx,Sheet1,Position 1,Our Subject,X,150,1.88
Position1.xlsx,Sheet1,Position 1,Our Subject,X,151,1.26
Position1.xlsx,Sheet1,Position 1,Our Subject,X,152,0.9
Position1.xlsx,Sheet1,Position 1,Our Subject,X,153,1.84
Position1.xlsx,Sheet1,Position 1,Our Subject,X,154,2.28
Position1.xlsx,Sheet1,Position 1,Our Subject,X,155,2.12
Position1.xlsx,Sheet1,Position 1,Our Subject,X,156,3.02
Position1.xlsx,Sheet1,Position 1,Our Subject,X,157,2.24
Position1.xlsx,Sheet1,Position 1,Our Subject,X,158,2.43
Position1.xlsx,Sheet1,Position 1,Our Subject,X,159,2.51
Position1.xlsx,Sheet1,Position 1,Our Subject,X,160,2.2
Position1.xlsx,Sheet1,Position 1,Our Subject,X,161,1.88
Position1.xlsx,Sheet1,Position 1,Our Subject,X,162,3.18
Position1.xlsx,Sheet1,Position 1,Our Subject,X,163,1.61
Position1.xlsx,Sheet1,Position 1,Our Subject,X,164,0.78
Position1.xlsx,Sheet1,Position 1,Our Subject,X,165,0.16
Position1.xlsx,Sheet1,Position 1,Our Subject,X,166,-0.51
Position1.xlsx,Sheet1,Position 1,Our Subject,X,167,0.55
Position1.xlsx,Sheet1,Position 1,Our Subject,X,168,1.53
Position1.xlsx,Sheet1,Position 1,Our Subject,X,169,4.59
Position1.xlsx,Sheet1,Position 1,Our Subject,X,170,2.47
Position1.xlsx,Sheet1,Position 1,Our Subject,X,171,2.55
Position1.xlsx,Sheet1,Position 1,Our Subject,X,172,2.71
Position1.xlsx,Sheet1,Position 1,Our Subject,X,173,2.82
Position1.xlsx,Sheet1,Position 1,Our Subject,X,174,3.45
Position1.xlsx,Sheet1,Position 1,Our Subject,X,175,2.47
Position1.xlsx,Sheet1,Position 1,Our Subject,X,176,2.71
Position1.xlsx,Sheet1,Position 1,Our Subject,X,177,2.79
Position1.xlsx,Sheet1,Position 1,Our Subject,X,178,2.39
Position1.xlsx,Sheet1,Position 1,Our Subject,X,179,2.39
Position1.xlsx,Sheet1,Position 1,Our Subject,X,180,2.35
Position1.xlsx,Sheet1,Position 1,Our Subject,X,181,2.43
Position1.xlsx,Sheet1,Position 1,Our Subject,X,182,2.12
Position1.xlsx,Sheet1,Position 1,Our Subject,X,183,2.16
Position1.xlsx,Sheet1,Position 1,Our Subject,X,184,2.43
Position1.xlsx,Sheet1,Position 1,Our Subject,X,185,2.59
Position1.xlsx,Sheet1,Position 1,Our Subject,X,186,2.63
Position1.xlsx,Sheet1,Position 1,Our Subject,X,187,2.59
Position1.xlsx,Sheet1,Position 1,Our Subject,X,188,2.55
Position1.xlsx,Sheet1,Position 1,Our Subject,X,189,2.63
Position1.xlsx,Sheet1,Position 1,Our Subject,X,190,2.31
Position1.xlsx,Sheet1,Position 1,Our Subject,X,191,2.43
Position1.xlsx,Sheet1,Position 1,Our Subject,X,192,2.59
Position1.xlsx,Sheet1,Position 1,Our Subject,X,193,2.9
Position1.xlsx,Sheet1,Position 1,Our Subject,X,194,2.31
Position1.xlsx,Sheet1,Position 1,Our Subject,X,195,2.55
Position1.xlsx,Sheet1,Position 1,Our Subject,X,196,3.22
Position1.xlsx,Sheet1,Position 1,Our Subject,X,197,2.94
Position1.xlsx,Sheet1,Position 1,Our Subject,X,198,2.47
Position1.xlsx,Sheet1,Position 1,Our Subject,X,199,2.47
Position1.xlsx,Sheet1,Position 1,Our Subject,X,200,2.35
Position1.xlsx,Sheet1,Position 1,Our Subject,X,201,1.22
Position1.xlsx,Sheet1,Position 1,Our Subject,X,202,2.47
Position1.xlsx,Sheet1,Position 1,Our Subject,X,203,3.26
Position1.xlsx,Sheet1,Position 1,Our Subject,X,204,3.49
Position1.xlsx,Sheet1,Position 1,Our Subject,X,205,1.29
Position1.xlsx,Sheet1,Position 1,Our Subject,X,206,3.92
Position1.xlsx,Sheet1,Position 1,Our Subject,X,207,2
Position1.xlsx,Sheet1,Position 1,Our Subject,X,208,1.65
Position1.xlsx,Sheet1,Position 1,Our Subject,X,209,1.41
Position1.xlsx,Sheet1,Position 1,Our Subject,X,210,1.29
Position1.xlsx,Sheet1,Position 1,Our Subject,X,211,0.47
Position1.xlsx,Sheet1,Position 1,Our Subject,X,212,0.35
Position1.xlsx,Sheet1,Position 1,Our Subject,X,213,1.57
Position1.xlsx,Sheet1,Position 1,Our Subject,X,214,1.92
Position1.xlsx,Sheet1,Position 1,Our Subject,X,215,1.18
Position1.xlsx,Sheet1,Position 1,Our Subject,X,216,1.29
Position1.xlsx,Sheet1,Position 1,Our Subject,X,217,2.2
Position1.xlsx,Sheet1,Position 1,Our Subject,X,218,1.92
Position1.xlsx,Sheet1,Position 1,Our Subject,X,219,2.47
Position1.xlsx,Sheet1,Position 1,Our Subject,X,220,3.1
Position1.xlsx,Sheet1,Position 1,Our Subject,X,221,3.02
Position1.xlsx,Sheet1,Position 1,Our Subject,X,222,3.1
Position1.xlsx,Sheet1,Position 1,Our Subject,X,223,2.47
Position1.xlsx,Sheet1,Position 1,Our Subject,X,224,1.73
Position1.xlsx,Sheet1,Position 1,Our Subject,X,225,2.24
Position1.xlsx,Sheet1,Position 1,Our Subject,X,226,1.1
Position1.xlsx,Sheet1,Position 1,Our Subject,X,227,0.12
Position1.xlsx,Sheet1,Position 1,Our Subject,X,228,-0.75
Position1.xlsx,Sheet1,Position 1,Our Subject,X,229,3.65
Position1.xlsx,Sheet1,Position 1,Our Subject,X,230,1.18
Position1.xlsx,Sheet1,Position 1,Our Subject,X,231,2.67
Position1.xlsx,Sheet1,Position 1,Our Subject,X,232,3.22
Position1.xlsx,Sheet1,Position 1,Our Subject,X,233,2.63
Position1.xlsx,Sheet1,Position 1,Our Subject,X,234,2.04
Position1.xlsx,Sheet1,Position 1,Our Subject,X,235,2.08
Position1.xlsx,Sheet1,Position 1,Our Subject,X,236,1.77
Position1.xlsx,Sheet1,Position 1,Our Subject,X,237,2.04
Position1.xlsx,Sheet1,Position 1,Our Subject,X,238,1.88
Position1.xlsx,Sheet1,Position 1,Our Subject,X,239,2.39
Position1.xlsx,Sheet1,Position 1,Our Subject,X,240,2.59
Position1.xlsx,Sheet1,Position 1,Our Subject,X,241,2.24
Position1.xlsx,Sheet1,Position 1,Our Subject,X,242,2.24
Position1.xlsx,Sheet1,Position 1,Our Subject,X,243,2.2
Position1.xlsx,Sheet1,Position 1,Our Subject,X,244,2.28
Position1.xlsx,Sheet1,Position 1,Our Subject,X,245,2.16
Position1.xlsx,Sheet1,Position 1,Our Subject,X,246,2.2
Position1.xlsx,Sheet1,Position 1,Our Subject,X,247,2.12
Position1.xlsx,Sheet1,Position 1,Our Subject,X,248,2.16
Position1.xlsx,Sheet1,Position 1,Our Subject,X,249,2.98
Position1.xlsx,Sheet1,Position 1,Our Subject,X,250,2.04
Position1.xlsx,Sheet1,Position 1,Our Subject,X,251,2.47
Position1.xlsx,Sheet1,Position 1,Our Subject,X,252,2.51
Position1.xlsx,Sheet1,Position 1,Our Subject,X,253,2.35
Position1.xlsx,Sheet1,Position 1,Our Subject,X,254,2.86
Position1.xlsx,Sheet1,Position 1,Our Subject,X,255,2.24
Position1.xlsx,Sheet1,Position 1,Our Subject,X,256,1.57
Position1.xlsx,Sheet1,Position 1,Our Subject,X,257,3.02
Position1.xlsx,Sheet1,Position 1,Our Subject,X,258,2.31
Position1.xlsx,Sheet1,Position 1,Our Subject,X,259,2.12
Position1.xlsx,Sheet1,Position 1,Our Subject,X,260,1.57
Position1.xlsx,Sheet1,Position 1,Our Subject,X,261,0.39
Position1.xlsx,Sheet1,Position 1,Our Subject,X,262,2.12
Position1.xlsx,Sheet1,Position 1,Our Subject,X,263,4.47
Position1.xlsx,Sheet1,Position 1,Our Subject,X,264,2.43
Position1.xlsx,Sheet1,Position 1,Our Subject,X,265,2.04
Position1.xlsx,Sheet1,Position 1,Our Subject,X,266,3.1
Position1.xlsx,Sheet1,Position 1,Our Subject,X,267,2.08
Position1.xlsx,Sheet1,Position 1,Our Subject,X,268,1.02
Position1.xlsx,Sheet1,Position 1,Our Subject,X,269,0.51
Position1.xlsx,Sheet1,Position 1,Our Subject,X,270,0.82
Position1.xlsx,Sheet1,Position 1,Our Subject,X,271,1.73
Position1.xlsx,Sheet1,Position 1,Our Subject,X,272,1.8
Position1.xlsx,Sheet1,Position 1,Our Subject,X,273,1.69
Position1.xlsx,Sheet1,Position 1,Our Subject,X,274,1.92
Position1.xlsx,Sheet1,Position 1,Our Subject,X,275,2.2
Position1.xlsx,Sheet1,Position 1,Our Subject,X,276,2.59
Position1.xlsx,Sheet1,Position 1,Our Subject,X,277,2.75
Position1.xlsx,Sheet1,Position 1,Our Subject,X,278,2.79
Position1.xlsx,Sheet1,Position 1,Our Subject,X,279,2.47
Position1.xlsx,Sheet1,Position 1,Our Subject,X,280,1.1
Position1.xlsx,Sheet1,Position 1,Our Subject,X,281,0.04
Position1.xlsx,Sheet1,Position 1,Our Subject,X,282,0.24
Position1.xlsx,Sheet1,Position 1,Our Subject,X,283,0.27
Position1.xlsx,Sheet1,Position 1,Our Subject,X,284,1.26
Position1.xlsx,Sheet1,Position 1,Our Subject,X,285,3.18
Position1.xlsx,Sheet1,Position 1,Our Subject,X,286,3.49
Position1.xlsx,Sheet1,Position 1,Our Subject,X,287,2.71
Position1.xlsx,Sheet1,Position 1,Our Subject,X,288,2.24
Position1.xlsx,Sheet1,Position 1,Our Subject,X,289,2.63
Position1.xlsx,Sheet1,Position 1,Our Subject,X,290,2.08
Position1.xlsx,Sheet1,Position 1,Our Subject,X,291,1.88
Position1.xlsx,Sheet1,Position 1,Our Subject,X,292,2.86
Position1.xlsx,Sheet1,Position 1,Our Subject,Y,1,-6.2
Position1.xlsx,Sheet1,Position 1,Our Subject,Y,2,-6.75
Position1.xlsx,Sheet1,Position 1,Our Subject,Y,3,-6.67
Position1.xlsx,Sheet1,Position 1,Our Subject,Y,4,-6.39
Position1.xlsx,Sheet1,Position 1,Our Subject,Y,5,-6.43
Position1.xlsx,Sheet1,Position 1,Our Subject,Y,6,-6.43
Position1.xlsx,Sheet1,Position 1,Our Subject,Y,7,-6.32
Position1.xlsx,Sheet1,Position 1,Our Subject,Y,8,-6.2
Position1.xlsx,Sheet1,Position 1,Our Subject,Y,9,-6.35
Position1.xlsx,Sheet1,Position 1,Our Subject,Y,10,-6.47
Position1.xlsx,Sheet1,Position 1,Our Subject,Y,11,-6.32
Position1.xlsx,Sheet1,Position 1,Our Subject,Y,12,-6.43
Position1.xlsx,Sheet1,Position 1,Our Subject,Y,13,-6.55
Position1.xlsx,Sheet1,Position 1,Our Subject,Y,14,-5.92
Position1.xlsx,Sheet1,Position 1,Our Subject,Y,15,-5.73
Position1.xlsx,Sheet1,Position 1,Our Subject,Y,16,-5.53
Position1.xlsx,Sheet1,Position 1,Our Subject,Y,17,-6.16
Position1.xlsx,Sheet1,Position 1,Our Subject,Y,18,-5.53
Position1.xlsx,Sheet1,Position 1,Our Subject,Y,19,-5.69
Position1.xlsx,Sheet1,Position 1,Our Subject,Y,20,-5.18
Position1.xlsx,Sheet1,Position 1,Our Subject,Y,21,-6.43
Position1.xlsx,Sheet1,Position 1,Our Subject,Y,22,-6.47
Position1.xlsx,Sheet1,Position 1,Our Subject,Y,23,-4.82
Position1.xlsx,Sheet1,Position 1,Our Subject,Y,24,-4.82
Position1.xlsx,Sheet1,Position 1,Our Subject,Y,25,-6.47
Position1.xlsx,Sheet1,Position 1,Our Subject,Y,26,-7.96
Position1.xlsx,Sheet1,Position 1,Our Subject,Y,27,-7.77
Position1.xlsx,Sheet1,Position 1,Our Subject,Y,28,-7.18
Position1.xlsx,Sheet1,Position 1,Our Subject,Y,29,-6.67
Position1.xlsx,Sheet1,Position 1,Our Subject,Y,30,-6.86
Position1.xlsx,Sheet1,Position 1,Our Subject,Y,31,-7.06
Position1.xlsx,Sheet1,Position 1,Our Subject,Y,32,-7.61
Position1.xlsx,Sheet1,Position 1,Our Subject,Y,33,-7.34
Position1.xlsx,Sheet1,Position 1,Our Subject,Y,34,-7.18
Position1.xlsx,Sheet1,Position 1,Our Subject,Y,35,-7.26
Position1.xlsx,Sheet1,Position 1,Our Subject,Y,36,-7.14
Position1.xlsx,Sheet1,Position 1,Our Subject,Y,37,-6.98
Position1.xlsx,Sheet1,Position 1,Our Subject,Y,38,-7.77
Position1.xlsx,Sheet1,Position 1,Our Subject,Y,39,-8.28
Position1.xlsx,Sheet1,Position 1,Our Subject,Y,40,-7.69
Position1.xlsx,Sheet1,Position 1,Our Subject,Y,41,-6.94
Position1.xlsx,Sheet1,Position 1,Our Subject,Y,42,-7.26
Position1.xlsx,Sheet1,Position 1,Our Subject,Y,43,-7.61
Position1.xlsx,Sheet1,Position 1,Our Subject,Y,44,-9.14
Position1.xlsx,Sheet1,Position 1,Our Subject,Y,45,-8.55
Position1.xlsx,Sheet1,Position 1,Our Subject,Y,46,-7.53
Position1.xlsx,Sheet1,Position 1,Our Subject,Y,47,-6.35
Position1.xlsx,Sheet1,Position 1,Our Subject,Y,48,-7.57
Position1.xlsx,Sheet1,Position 1,Our Subject,Y,49,-8.63
Position1.xlsx,Sheet1,Position 1,Our Subject,Y,50,-7.3
Position1.xlsx,Sheet1,Position 1,Our Subject,Y,51,-7.45
Position1.xlsx,Sheet1,Position 1,Our Subject,Y,52,-7.22
Position1.xlsx,Sheet1,Position 1,Our Subject,Y,53,-6.94
Position1.xlsx,Sheet1,Position 1,Our Subject,Y,54,-6.32
Position1.xlsx,Sheet1,Position 1,Our Subject,Y,55,-6.08
Position1.xlsx,Sheet1,Position 1,Our Subject,Y,56,-6.63
Position1.xlsx,Sheet1,Position 1,Our Subject,Y,57,-6.67
Position1.xlsx,Sheet1,Position 1,Our Subject,Y,58,-6.32
Position1.xlsx,Sheet1,Position 1,Our Subject,Y,59,-7.02
Position1.xlsx,Sheet1,Position 1,Our Subject,Y,60,-6.63
Position1.xlsx,Sheet1,Position 1,Our Subject,Y,61,-6.51
Position1.xlsx,Sheet1,Position 1,Our Subject,Y,62,-6.39
Position1.xlsx,Sheet1,Position 1,Our Subject,Y,63,-6.43
Position1.xlsx,Sheet1,Position 1,Our Subject,Y,64,-6.2
Position1.xlsx,Sheet1,Position 1,Our Subject,Y,65,-6.43
Position1.xlsx,Sheet1,Position 1,Our Subject,Y,66,-6.51
Position1.xlsx,Sheet1,Position 1,Our Subject,Y,67,-5.88
Position1.xlsx,Sheet1,Position 1,Our Subject,Y,68,-6.39
Position1.xlsx,Sheet1,Position 1,Our Subject,Y,69,-6.12
Position1.xlsx,Sheet1,Position 1,Our Subject,Y,70,-6.43
Position1.xlsx,Sheet1,Position 1,Our Subject,Y,71,-6.47
Position1.xlsx,Sheet1,Position 1,Our Subject,Y,72,-6.16
Position1.xlsx,Sheet1,Position 1,Our Subject,Y,73,-6.28
Position1.xlsx,Sheet1,Position 1,Our Subject,Y,74,-6.16
Position1.xlsx,Sheet1,Position 1,Our Subject,Y,75,-6.2
Position1.xlsx,Sheet1,Position 1,Our Subject,Y,76,-5.84
Position1.xlsx,Sheet1,Position 1,Our Subject,Y,77,-5.41
Position1.xlsx,Sheet1,Position 1,Our Subject,Y,78,-6.32
Position1.xlsx,Sheet1,Position 1,Our Subject,Y,79,-5.88
Position1.xlsx,Sheet1,Position 1,Our Subject,Y,80,-5.1
Position1.xlsx,Sheet1,Position 1,Our Subject,Y,81,-5.53
Position1.xlsx,Sheet1,Position 1,Our Subject,Y,82,-6.35
Position1.xlsx,Sheet1,Position 1,Our Subject,Y,83,-6.63
Position1.xlsx,Sheet1,Position 1,Our Subject,Y,84,-4.31
Position1.xlsx,Sheet1,Position 1,Our Subject,Y,85,-4.04
Position1.xlsx,Sheet1,Position 1,Our Subject,Y,86,-6.16
Position1.xlsx,Sheet1,Position 1,Our Subject,Y,87,-7.77
Position1.xlsx,Sheet1,Position 1,Our Subject,Y,88,-7.73
Position1.xlsx,Sheet1,Position 1,Our Subject,Y,89,-7.22
Position1.xlsx,Sheet1,Position 1,Our Subject,Y,90,-6.98
Position1.xlsx,Sheet1,Position 1,Our Subject,Y,91,-7.02
Position1.xlsx,Sheet1,Position 1,Our Subject,Y,92,-7.57
Position1.xlsx,Sheet1,Position 1,Our Subject,Y,93,-7.3
Position1.xlsx,Sheet1,Position 1,Our Subject,Y,94,-7.22
Position1.xlsx,Sheet1,Position 1,Our Subject,Y,95,-6.86
Position1.xlsx,Sheet1,Position 1,Our Subject,Y,96,-7.22
Position1.xlsx,Sheet1,Position 1,Our Subject,Y,97,-7.18
Position1.xlsx,Sheet1,Position 1,Our Subject,Y,98,-6.98
Position1.xlsx,Sheet1,Position 1,Our Subject,Y,99,-7.37
Position1.xlsx,Sheet1,Position 1,Our Subject,Y,100,-7.37
Position1.xlsx,Sheet1,Position 1,Our Subject,Y,101,-7.57
Position1.xlsx,Sheet1,Position 1,Our Subject,Y,102,-8
Position1.xlsx,Sheet1,Position 1,Our Subject,Y,103,-7.73
Position1.xlsx,Sheet1,Position 1,Our Subject,Y,104,-6.67
Position1.xlsx,Sheet1,Position 1,Our Subject,Y,105,-8.59
Position1.xlsx,Sheet1,Position 1,Our Subject,Y,106,-7.69
Position1.xlsx,Sheet1,Position 1,Our Subject,Y,107,-6.94
Position1.xlsx,Sheet1,Position 1,Our Subject,Y,108,-7.34
Position1.xlsx,Sheet1,Position 1,Our Subject,Y,109,-8.39
Position1.xlsx,Sheet1,Position 1,Our Subject,Y,110,-7.65
Position1.xlsx,Sheet1,Position 1,Our Subject,Y,111,-7.22
Position1.xlsx,Sheet1,Position 1,Our Subject,Y,112,-6.71
Position1.xlsx,Sheet1,Position 1,Our Subject,Y,113,-7.22
Position1.xlsx,Sheet1,Position 1,Our Subject,Y,114,-6.55
Position1.xlsx,Sheet1,Position 1,Our Subject,Y,115,-6.63
Position1.xlsx,Sheet1,Position 1,Our Subject,Y,116,-6.75
Position1.xlsx,Sheet1,Position 1,Our Subject,Y,117,-7.14
Position1.xlsx,Sheet1,Position 1,Our Subject,Y,118,-6.67
Position1.xlsx,Sheet1,Position 1,Our Subject,Y,119,-6.47
Position1.xlsx,Sheet1,Position 1,Our Subject,Y,120,-6.51
Position1.xlsx,Sheet1,Position 1,Our Subject,Y,121,-6.63
Position1.xlsx,Sheet1,Position 1,Our Subject,Y,122,-6.08
Position1.xlsx,Sheet1,Position 1,Our Subject,Y,123,-6.51
Position1.xlsx,Sheet1,Position 1,Our Subject,Y,124,-6.51
Position1.xlsx,Sheet1,Position 1,Our Subject,Y,125,-6.51
Position1.xlsx,Sheet1,Position 1,Our Subject,Y,126,-6.47
Position1.xlsx,Sheet1,Position 1,Our Subject,Y,127,-6.04
Position1.xlsx,Sheet1,Position 1,Our Subject,Y,128,-6.59
Position1.xlsx,Sheet1,Position 1,Our Subject,Y,129,-6.24
Position1.xlsx,Sheet1,Position 1,Our Subject,Y,130,-6.16
Position1.xlsx,Sheet1,Position 1,Our Subject,Y,131,-6.12
Position1.xlsx,Sheet1,Position 1,Our Subject,Y,132,-6.16
Position1.xlsx,Sheet1,Position 1,Our Subject,Y,133,-5.77
Position1.xlsx,Sheet1,Position 1,Our Subject,Y,134,-5.77
Position1.xlsx,Sheet1,Position 1,Our Subject,Y,135,-5.88
Position1.xlsx,Sheet1,Position 1,Our Subject,Y,136,-6.12
Position1.xlsx,Sheet1,Position 1,Our Subject,Y,137,-5.96
Position1.xlsx,Sheet1,Position 1,Our Subject,Y,138,-5.92
Position1.xlsx,Sheet1,Position 1,Our Subject,Y,139,-5.81
Position1.xlsx,Sheet1,Position 1,Our Subject,Y,140,-5.81
Position1.xlsx,Sheet1,Position 1,Our Subject,Y,141,-7.18
Position1.xlsx,Sheet1,Position 1,Our Subject,Y,142,-6.9
Position1.xlsx,Sheet1,Position 1,Our Subject,Y,143,-1.65
Position1.xlsx,Sheet1,Position 1,Our Subject,Y,144,-3.45
Position1.xlsx,Sheet1,Position 1,Our Subject,Y,145,-4.82
Position1.xlsx,Sheet1,Position 1,Our Subject,Y,146,-5.69
Position1.xlsx,Sheet1,Position 1,Our Subject,Y,147,-6.63
Position1.xlsx,Sheet1,Position 1,Our Subject,Y,148,-6.94
Position1.xlsx,Sheet1,Position 1,Our Subject,Y,149,-6.9
Position1.xlsx,Sheet1,Position 1,Our Subject,Y,150,-6.63
Position1.xlsx,Sheet1,Position 1,Our Subject,Y,151,-6.32
Position1.xlsx,Sheet1,Position 1,Our Subject,Y,152,-6.59
Position1.xlsx,Sheet1,Position 1,Our Subject,Y,153,-6.83
Position1.xlsx,Sheet1,Position 1,Our Subject,Y,154,-5.88
Position1.xlsx,Sheet1,Position 1,Our Subject,Y,155,-6.04
Position1.xlsx,Sheet1,Position 1,Our Subject,Y,156,-7.41
Position1.xlsx,Sheet1,Position 1,Our Subject,Y,157,-7.26
Position1.xlsx,Sheet1,Position 1,Our Subject,Y,158,-6.94
Position1.xlsx,Sheet1,Position 1,Our Subject,Y,159,-7.41
Position1.xlsx,Sheet1,Position 1,Our Subject,Y,160,-7.14
Position1.xlsx,Sheet1,Position 1,Our Subject,Y,161,-7.34
Position1.xlsx,Sheet1,Position 1,Our Subject,Y,162,-7.26
Position1.xlsx,Sheet1,Position 1,Our Subject,Y,163,-6.63
Position1.xlsx,Sheet1,Position 1,Our Subject,Y,164,-6.32
Position1.xlsx,Sheet1,Position 1,Our Subject,Y,165,-5.57
Position1.xlsx,Sheet1,Position 1,Our Subject,Y,166,-9.96
Position1.xlsx,Sheet1,Position 1,Our Subject,Y,167,-6.63
Position1.xlsx,Sheet1,Position 1,Our Subject,Y,168,-8.32
Position1.xlsx,Sheet1,Position 1,Our Subject,Y,169,-7.53
Position1.xlsx,Sheet1,Position 1,Our Subject,Y,170,-7.73
Position1.xlsx,Sheet1,Position 1,Our Subject,Y,171,-7.61
Position1.xlsx,Sheet1,Position 1,Our Subject,Y,172,-7.06
Position1.xlsx,Sheet1,Position 1,Our Subject,Y,173,-6.59
Position1.xlsx,Sheet1,Position 1,Our Subject,Y,174,-7.14
Position1.xlsx,Sheet1,Position 1,Our Subject,Y,175,-6.71
Position1.xlsx,Sheet1,Position 1,Our Subject,Y,176,-6.32
Position1.xlsx,Sheet1,Position 1,Our Subject,Y,177,-6.94
Position1.xlsx,Sheet1,Position 1,Our Subject,Y,178,-6.35
Position1.xlsx,Sheet1,Position 1,Our Subject,Y,179,-6.43
Position1.xlsx,Sheet1,Position 1,Our Subject,Y,180,-6.9
Position1.xlsx,Sheet1,Position 1,Our Subject,Y,181,-6.28
Position1.xlsx,Sheet1,Position 1,Our Subject,Y,182,-6.28
Position1.xlsx,Sheet1,Position 1,Our Subject,Y,183,-6.35
Position1.xlsx,Sheet1,Position 1,Our Subject,Y,184,-6.47
Position1.xlsx,Sheet1,Position 1,Our Subject,Y,185,-6.43
Position1.xlsx,Sheet1,Position 1,Our Subject,Y,186,-6.2
Position1.xlsx,Sheet1,Position 1,Our Subject,Y,187,-6.28
Position1.xlsx,Sheet1,Position 1,Our Subject,Y,188,-5.81
Position1.xlsx,Sheet1,Position 1,Our Subject,Y,189,-5.92
Position1.xlsx,Sheet1,Position 1,Our Subject,Y,190,-6.2
Position1.xlsx,Sheet1,Position 1,Our Subject,Y,191,-5.77
Position1.xlsx,Sheet1,Position 1,Our Subject,Y,192,-6.2
Position1.xlsx,Sheet1,Position 1,Our Subject,Y,193,-6
Position1.xlsx,Sheet1,Position 1,Our Subject,Y,194,-6.04
Position1.xlsx,Sheet1,Position 1,Our Subject,Y,195,-6.2
Position1.xlsx,Sheet1,Position 1,Our Subject,Y,196,-5.02
Position1.xlsx,Sheet1,Position 1,Our Subject,Y,197,-5.92
Position1.xlsx,Sheet1,Position 1,Our Subject,Y,198,-6.16
Position1.xlsx,Sheet1,Position 1,Our Subject,Y,199,-5.37
Position1.xlsx,Sheet1,Position 1,Our Subject,Y,200,-5.22
Position1.xlsx,Sheet1,Position 1,Our Subject,Y,201,-5.49
Position1.xlsx,Sheet1,Position 1,Our Subject,Y,202,-5.81
Position1.xlsx,Sheet1,Position 1,Our Subject,Y,203,-5.26
Position1.xlsx,Sheet1,Position 1,Our Subject,Y,204,-3.88
Position1.xlsx,Sheet1,Position 1,Our Subject,Y,205,-3.3
Position1.xlsx,Sheet1,Position 1,Our Subject,Y,206,-5.06
Position1.xlsx,Sheet1,Position 1,Our Subject,Y,207,-6.51
Position1.xlsx,Sheet1,Position 1,Our Subject,Y,208,-6.71
Position1.xlsx,Sheet1,Position 1,Our Subject,Y,209,-6.39
Position1.xlsx,Sheet1,Position 1,Our Subject,Y,210,-6.35
Position1.xlsx,Sheet1,Position 1,Our Subject,Y,211,-6.98
Position1.xlsx,Sheet1,Position 1,Our Subject,Y,212,-6.71
Position1.xlsx,Sheet1,Position 1,Our Subject,Y,213,-6.43
Position1.xlsx,Sheet1,Position 1,Our Subject,Y,214,-7.1
Position1.xlsx,Sheet1,Position 1,Our Subject,Y,215,-7.18
Position1.xlsx,Sheet1,Position 1,Our Subject,Y,216,-7.26
Position1.xlsx,Sheet1,Position 1,Our Subject,Y,217,-7.41
Position1.xlsx,Sheet1,Position 1,Our Subject,Y,218,-7.57
Position1.xlsx,Sheet1,Position 1,Our Subject,Y,219,-7.61
Position1.xlsx,Sheet1,Position 1,Our Subject,Y,220,-7.06
Position1.xlsx,Sheet1,Position 1,Our Subject,Y,221,-7.22
Position1.xlsx,Sheet1,Position 1,Our Subject,Y,222,-7.61
Position1.xlsx,Sheet1,Position 1,Our Subject,Y,223,-8.28
Position1.xlsx,Sheet1,Position 1,Our Subject,Y,224,-7.45
Position1.xlsx,Sheet1,Position 1,Our Subject,Y,225,-6.9
Position1.xlsx,Sheet1,Position 1,Our Subject,Y,226,-7.1
Position1.xlsx,Sheet1,Position 1,Our Subject,Y,227,-7.06
Position1.xlsx,Sheet1,Position 1,Our Subject,Y,228,-6.98
Position1.xlsx,Sheet1,Position 1,Our Subject,Y,229,-14.71
Position1.xlsx,Sheet1,Position 1,Our Subject,Y,230,-7.81
Position1.xlsx,Sheet1,Position 1,Our Subject,Y,231,-7.88
Position1.xlsx,Sheet1,Position 1,Our Subject,Y,232,-5.26
Position1.xlsx,Sheet1,Position 1,Our Subject,Y,233,-8.24
Position1.xlsx,Sheet1,Position 1,Our Subject,Y,234,-6.98
Position1.xlsx,Sheet1,Position 1,Our Subject,Y,235,-6.94
Position1.xlsx,Sheet1,Position 1,Our Subject,Y,236,-6.98
Position1.xlsx,Sheet1,Position 1,Our Subject,Y,237,-6.83
Position1.xlsx,Sheet1,Position 1,Our Subject,Y,238,-6.98
Position1.xlsx,Sheet1,Position 1,Our Subject,Y,239,-6.83
Position1.xlsx,Sheet1,Position 1,Our Subject,Y,240,-6.39
Position1.xlsx,Sheet1,Position 1,Our Subject,Y,241,-6.39
Position1.xlsx,Sheet1,Position 1,Our Subject,Y,242,-6.16
Position1.xlsx,Sheet1,Position 1,Our Subject,Y,243,-6.28
Position1.xlsx,Sheet1,Position 1,Our Subject,Y,244,-6.28
Position1.xlsx,Sheet1,Position 1,Our Subject,Y,245,-5.96
Position1.xlsx,Sheet1,Position 1,Our Subject,Y,246,-6.28
Position1.xlsx,Sheet1,Position 1,Our Subject,Y,247,-6.2
Position1.xlsx,Sheet1,Position 1,Our Subject,Y,248,-5.61
Position1.xlsx,Sheet1,Position 1,Our Subject,Y,249,-6.04
Position1.xlsx,Sheet1,Position 1,Our Subject,Y,250,-5.81
Position1.xlsx,Sheet1,Position 1,Our Subject,Y,251,-5.61
Position1.xlsx,Sheet1,Position 1,Our Subject,Y,252,-5.96
Position1.xlsx,Sheet1,Position 1,Our Subject,Y,253,-6.24
Position1.xlsx,Sheet1,Position 1,Our Subject,Y,254,-5.81
Position1.xlsx,Sheet1,Position 1,Our Subject,Y,255,-5.3
Position1.xlsx,Sheet1,Position 1,Our Subject,Y,256,-4.98
Position1.xlsx,Sheet1,Position 1,Our Subject,Y,257,-5.69
Position1.xlsx,Sheet1,Position 1,Our Subject,Y,258,-5.61
Position1.xlsx,Sheet1,Position 1,Our Subject,Y,259,-5.14
Position1.xlsx,Sheet1,Position 1,Our Subject,Y,260,-5.26
Position1.xlsx,Sheet1,Position 1,Our Subject,Z,1,8.79
Position1.xlsx,Sheet1,Position 1,Our Subject,Z,2,8.55
Position1.xlsx,Sheet1,Position 1,Our Subject,Z,3,8.67
Position1.xlsx,Sheet1,Position 1,Our Subject,Z,4,8.36
Position1.xlsx,Sheet1,Position 1,Our Subject,Z,5,8.79
Position1.xlsx,Sheet1,Position 1,Our Subject,Z,6,8.67
Position1.xlsx,Sheet1,Position 1,Our Subject,Z,7,8.9
Position1.xlsx,Sheet1,Position 1,Our Subject,Z,8,8.63
Position1.xlsx,Sheet1,Position 1,Our Subject,Z,9,8.63
Position1.xlsx,Sheet1,Position 1,Our Subject,Z,10,8.59
Position1.xlsx,Sheet1,Position 1,Our Subject,Z,11,9.1
Position1.xlsx,Sheet1,Position 1,Our Subject,Z,12,8.75
Position1.xlsx,Sheet1,Position 1,Our Subject,Z,13,8.67
Position1.xlsx,Sheet1,Position 1,Our Subject,Z,14,9.02
Position1.xlsx,Sheet1,Position 1,Our Subject,Z,15,9.34
Position1.xlsx,Sheet1,Position 1,Our Subject,Z,16,8.59
Position1.xlsx,Sheet1,Position 1,Our Subject,Z,17,9.02
Position1.xlsx,Sheet1,Position 1,Our Subject,Z,18,9.53
Position1.xlsx,Sheet1,Position 1,Our Subject,Z,19,9.14
Position1.xlsx,Sheet1,Position 1,Our Subject,Z,20,9.45
Position1.xlsx,Sheet1,Position 1,Our Subject,Z,21,10.32
Position1.xlsx,Sheet1,Position 1,Our Subject,Z,22,8.98
Position1.xlsx,Sheet1,Position 1,Our Subject,Z,23,8.28
Position1.xlsx,Sheet1,Position 1,Our Subject,Z,24,8.9
Position1.xlsx,Sheet1,Position 1,Our Subject,Z,25,4.59
Position1.xlsx,Sheet1,Position 1,Our Subject,Z,26,6.32
Position1.xlsx,Sheet1,Position 1,Our Subject,Z,27,7.61
Position1.xlsx,Sheet1,Position 1,Our Subject,Z,28,7.61
Position1.xlsx,Sheet1,Position 1,Our Subject,Z,29,7.81
Position1.xlsx,Sheet1,Position 1,Our Subject,Z,30,8.43
Position1.xlsx,Sheet1,Position 1,Our Subject,Z,31,8.47
Position1.xlsx,Sheet1,Position 1,Our Subject,Z,32,8.71
Position1.xlsx,Sheet1,Position 1,Our Subject,Z,33,8.75
Position1.xlsx,Sheet1,Position 1,Our Subject,Z,34,8.83
Position1.xlsx,Sheet1,Position 1,Our Subject,Z,35,9.02
Position1.xlsx,Sheet1,Position 1,Our Subject,Z,36,8.16
Position1.xlsx,Sheet1,Position 1,Our Subject,Z,37,8.28
Position1.xlsx,Sheet1,Position 1,Our Subject,Z,38,9.18
Position1.xlsx,Sheet1,Position 1,Our Subject,Z,39,8.43
Position1.xlsx,Sheet1,Position 1,Our Subject,Z,40,7.22
Position1.xlsx,Sheet1,Position 1,Our Subject,Z,41,6.83
Position1.xlsx,Sheet1,Position 1,Our Subject,Z,42,7.18
Position1.xlsx,Sheet1,Position 1,Our Subject,Z,43,8.75
Position1.xlsx,Sheet1,Position 1,Our Subject,Z,44,9.3
Position1.xlsx,Sheet1,Position 1,Our Subject,Z,45,4.71
Position1.xlsx,Sheet1,Position 1,Our Subject,Z,46,7.77
Position1.xlsx,Sheet1,Position 1,Our Subject,Z,47,6.79
Position1.xlsx,Sheet1,Position 1,Our Subject,Z,48,7.3
Position1.xlsx,Sheet1,Position 1,Our Subject,Z,49,6.86
Position1.xlsx,Sheet1,Position 1,Our Subject,Z,50,7.53
Position1.xlsx,Sheet1,Position 1,Our Subject,Z,51,7.69
Position1.xlsx,Sheet1,Position 1,Our Subject,Z,52,7.77
Position1.xlsx,Sheet1,Position 1,Our Subject,Z,53,7.69
Position1.xlsx,Sheet1,Position 1,Our Subject,Z,54,2.12
Position1.xlsx,Sheet1,Position 1,Our Subject,Z,55,8.28
Position1.xlsx,Sheet1,Position 1,Our Subject,Z,56,8
Position1.xlsx,Sheet1,Position 1,Our Subject,Z,57,8.16
Position1.xlsx,Sheet1,Position 1,Our Subject,Z,58,8.83
Position1.xlsx,Sheet1,Position 1,Our Subject,Z,59,8.32
Position1.xlsx,Sheet1,Position 1,Our Subject,Z,60,8.32
Position1.xlsx,Sheet1,Position 1,Our Subject,Z,61,8.32
Position1.xlsx,Sheet1,Position 1,Our Subject,Z,62,8.36
Position1.xlsx,Sheet1,Position 1,Our Subject,Z,63,8.59
Position1.xlsx,Sheet1,Position 1,Our Subject,Z,64,8.43
Position1.xlsx,Sheet1,Position 1,Our Subject,Z,65,8.71
Position1.xlsx,Sheet1,Position 1,Our Subject,Z,66,8.55
Position1.xlsx,Sheet1,Position 1,Our Subject,Z,67,8.98
Position1.xlsx,Sheet1,Position 1,Our Subject,Z,68,8.24
Position1.xlsx,Sheet1,Position 1,Our Subject,Z,69,8.79
Position1.xlsx,Sheet1,Position 1,Our Subject,Z,70,8.9
Position1.xlsx,Sheet1,Position 1,Our Subject,Z,71,8.43
Position1.xlsx,Sheet1,Position 1,Our Subject,Z,72,8.98
Position1.xlsx,Sheet1,Position 1,Our Subject,Z,73,8.55
Position1.xlsx,Sheet1,Position 1,Our Subject,Z,74,8.71
Position1.xlsx,Sheet1,Position 1,Our Subject,Z,75,8.59
Position1.xlsx,Sheet1,Position 1,Our Subject,Z,76,9.49
Position1.xlsx,Sheet1,Position 1,Our Subject,Z,77,9.14
Position1.xlsx,Sheet1,Position 1,Our Subject,Z,78,8.83
Position1.xlsx,Sheet1,Position 1,Our Subject,Z,79,9.26
Position1.xlsx,Sheet1,Position 1,Our Subject,Z,80,8.98
Position1.xlsx,Sheet1,Position 1,Our Subject,Z,81,9.69
Position1.xlsx,Sheet1,Position 1,Our Subject,Z,82,10
Position1.xlsx,Sheet1,Position 1,Our Subject,Z,83,9.49
Position1.xlsx,Sheet1,Position 1,Our Subject,Z,84,8.9
Position1.xlsx,Sheet1,Position 1,Our Subject,Z,85,7.92
Position1.xlsx,Sheet1,Position 1,Our Subject,Z,86,4.94
Position1.xlsx,Sheet1,Position 1,Our Subject,Z,87,7.34
Position1.xlsx,Sheet1,Position 1,Our Subject,Z,88,7.26
Position1.xlsx,Sheet1,Position 1,Our Subject,Z,89,7.26
Position1.xlsx,Sheet1,Position 1,Our Subject,Z,90,7.57
Position1.xlsx,Sheet1,Position 1,Our Subject,Z,91,8.24
Position1.xlsx,Sheet1,Position 1,Our Subject,Z,92,8.59
Position1.xlsx,Sheet1,Position 1,Our Subject,Z,93,8.24
Position1.xlsx,Sheet1,Position 1,Our Subject,Z,94,8.2
Position1.xlsx,Sheet1,Position 1,Our Subject,Z,95,8.36
Position1.xlsx,Sheet1,Position 1,Our Subject,Z,96,8.08
Position1.xlsx,Sheet1,Position 1,Our Subject,Z,97,8.83
Position1.xlsx,Sheet1,Position 1,Our Subject,Z,98,9.02
Position1.xlsx,Sheet1,Position 1,Our Subject,Z,99,9.45
Position1.xlsx,Sheet1,Position 1,Our Subject,Z,100,9.69
Position1.xlsx,Sheet1,Position 1,Our Subject,Z,101,9.1
Position1.xlsx,Sheet1,Position 1,Our Subject,Z,102,7.41
Position1.xlsx,Sheet1,Position 1,Our Subject,Z,103,6.83
Position1.xlsx,Sheet1,Position 1,Our Subject,Z,104,7.69
Position1.xlsx,Sheet1,Position 1,Our Subject,Z,105,6.08
Position1.xlsx,Sheet1,Position 1,Our Subject,Z,106,7.37
Position1.xlsx,Sheet1,Position 1,Our Subject,Z,107,7.69
Position1.xlsx,Sheet1,Position 1,Our Subject,Z,108,7.96
Position1.xlsx,Sheet1,Position 1,Our Subject,Z,109,6.9
Position1.xlsx,Sheet1,Position 1,Our Subject,Z,110,6.9
Position1.xlsx,Sheet1,Position 1,Our Subject,Z,111,6.63
Position1.xlsx,Sheet1,Position 1,Our Subject,Z,112,8.12
Position1.xlsx,Sheet1,Position 1,Our Subject,Z,113,7.41
Position1.xlsx,Sheet1,Position 1,Our Subject,Z,114,8.36
Position1.xlsx,Sheet1,Position 1,Our Subject,Z,115,7.88
Position1.xlsx,Sheet1,Position 1,Our Subject,Z,116,8.63
Position1.xlsx,Sheet1,Position 1,Our Subject,Z,117,8.2
Position1.xlsx,Sheet1,Position 1,Our Subject,Z,118,7.96
Position1.xlsx,Sheet1,Position 1,Our Subject,Z,119,8.39
Position1.xlsx,Sheet1,Position 1,Our Subject,Z,120,8.75
Position1.xlsx,Sheet1,Position 1,Our Subject,Z,121,8.12
Position1.xlsx,Sheet1,Position 1,Our Subject,Z,122,8.75
Position1.xlsx,Sheet1,Position 1,Our Subject,Z,123,8.87
Position1.xlsx,Sheet1,Position 1,Our Subject,Z,124,8.55
Position1.xlsx,Sheet1,Position 1,Our Subject,Z,125,8.51
Position1.xlsx,Sheet1,Position 1,Our Subject,Z,126,8.71
Position1.xlsx,Sheet1,Position 1,Our Subject,Z,127,8.94
Position1.xlsx,Sheet1,Position 1,Our Subject,Z,128,8.24
Position1.xlsx,Sheet1,Position 1,Our Subject,Z,129,8.63
Position1.xlsx,Sheet1,Position 1,Our Subject,Z,130,9.14
Position1.xlsx,Sheet1,Position 1,Our Subject,Z,131,8.55
Position1.xlsx,Sheet1,Position 1,Our Subject,Z,132,8.63
Position1.xlsx,Sheet1,Position 1,Our Subject,Z,133,8.98
Position1.xlsx,Sheet1,Position 1,Our Subject,Z,134,9.49
Position1.xlsx,Sheet1,Position 1,Our Subject,Z,135,8.94
Position1.xlsx,Sheet1,Position 1,Our Subject,Z,136,9.38
Position1.xlsx,Sheet1,Position 1,Our Subject,Z,137,8.94
Position1.xlsx,Sheet1,Position 1,Our Subject,Z,138,8.75
Position1.xlsx,Sheet1,Position 1,Our Subject,Z,139,8.87
Position1.xlsx,Sheet1,Position 1,Our Subject,Z,140,9.73
Position1.xlsx,Sheet1,Position 1,Our Subject,Z,141,10.2
Position1.xlsx,Sheet1,Position 1,Our Subject,Z,142,9.06
Position1.xlsx,Sheet1,Position 1,Our Subject,Z,143,11.26
Position1.xlsx,Sheet1,Position 1,Our Subject,Z,144,9.38
Position1.xlsx,Sheet1,Position 1,Our Subject,Z,145,9.69
Position1.xlsx,Sheet1,Position 1,Our Subject,Z,146,10.28
Position1.xlsx,Sheet1,Position 1,Our Subject,Z,147,6.55
Position1.xlsx,Sheet1,Position 1,Our Subject,Z,148,6.79
Position1.xlsx,Sheet1,Position 1,Our Subject,Z,149,7.45
Position1.xlsx,Sheet1,Position 1,Our Subject,Z,150,7.81
Position1.xlsx,Sheet1,Position 1,Our Subject,Z,151,8.08
Position1.xlsx,Sheet1,Position 1,Our Subject,Z,152,9.1
Position1.xlsx,Sheet1,Position 1,Our Subject,Z,153,9.38
Position1.xlsx,Sheet1,Position 1,Our Subject,Z,154,8.59
Position1.xlsx,Sheet1,Position 1,Our Subject,Z,155,8.71
Position1.xlsx,Sheet1,Position 1,Our Subject,Z,156,8.63
Position1.xlsx,Sheet1,Position 1,Our Subject,Z,157,8.75
Position1.xlsx,Sheet1,Position 1,Our Subject,Z,158,9.06
Position1.xlsx,Sheet1,Position 1,Our Subject,Z,159,7.26
Position1.xlsx,Sheet1,Position 1,Our Subject,Z,160,8.36
Position1.xlsx,Sheet1,Position 1,Our Subject,Z,161,7.57
Position1.xlsx,Sheet1,Position 1,Our Subject,Z,162,8.08
Position1.xlsx,Sheet1,Position 1,Our Subject,Z,163,9.45
Position1.xlsx,Sheet1,Position 1,Our Subject,Z,164,9.65
Position1.xlsx,Sheet1,Position 1,Our Subject,Z,165,9.18
Position1.xlsx,Sheet1,Position 1,Our Subject,Z,166,4.98
Position1.xlsx,Sheet1,Position 1,Our Subject,Z,167,9.81
Position1.xlsx,Sheet1,Position 1,Our Subject,Z,168,6.12
Position1.xlsx,Sheet1,Position 1,Our Subject,Z,169,8.75
Position1.xlsx,Sheet1,Position 1,Our Subject,Z,170,6.55
Position1.xlsx,Sheet1,Position 1,Our Subject,Z,171,8.59
Position1.xlsx,Sheet1,Position 1,Our Subject,Z,172,7.14
Position1.xlsx,Sheet1,Position 1,Our Subject,Z,173,7.57
Position1.xlsx,Sheet1,Position 1,Our Subject,Z,174,7.77
Position1.xlsx,Sheet1,Position 1,Our Subject,Z,175,7.85
Position1.xlsx,Sheet1,Position 1,Our Subject,Z,176,8.08
Position1.xlsx,Sheet1,Position 1,Our Subject,Z,177,7.81
Position1.xlsx,Sheet1,Position 1,Our Subject,Z,178,8.24
Position1.xlsx,Sheet1,Position 1,Our Subject,Z,179,7.73
Position1.xlsx,Sheet1,Position 1,Our Subject,Z,180,7.85
Position1.xlsx,Sheet1,Position 1,Our Subject,Z,181,9.53
Position1.xlsx,Sheet1,Position 1,Our Subject,Z,182,8.28
Position1.xlsx,Sheet1,Position 1,Our Subject,Z,183,8.55
Position1.xlsx,Sheet1,Position 1,Our Subject,Z,184,7.88
Position1.xlsx,Sheet1,Position 1,Our Subject,Z,185,8.71
Position1.xlsx,Sheet1,Position 1,Our Subject,Z,186,8.63
Position1.xlsx,Sheet1,Position 1,Our Subject,Z,187,8.71
Position1.xlsx,Sheet1,Position 1,Our Subject,Z,188,9.02
Position1.xlsx,Sheet1,Position 1,Our Subject,Z,189,8.87
Position1.xlsx,Sheet1,Position 1,Our Subject,Z,190,8.83
Position1.xlsx,Sheet1,Position 1,Our Subject,Z,191,8.87
Position1.xlsx,Sheet1,Position 1,Our Subject,Z,192,8.67
Position1.xlsx,Sheet1,Position 1,Our Subject,Z,193,8.94
Position1.xlsx,Sheet1,Position 1,Our Subject,Z,194,9.1
Position1.xlsx,Sheet1,Position 1,Our Subject,Z,195,9.61
Position1.xlsx,Sheet1,Position 1,Our Subject,Z,196,9.02
Position1.xlsx,Sheet1,Position 1,Our Subject,Z,197,8.87
Position1.xlsx,Sheet1,Position 1,Our Subject,Z,198,9.14
Position1.xlsx,Sheet1,Position 1,Our Subject,Z,199,9.3
Position1.xlsx,Sheet1,Position 1,Our Subject,Z,200,9.57
Position1.xlsx,Sheet1,Position 1,Our Subject,Z,201,9.85
Position1.xlsx,Sheet1,Position 1,Our Subject,Z,202,10.28
Position1.xlsx,Sheet1,Position 1,Our Subject,Z,203,9.49
Position1.xlsx,Sheet1,Position 1,Our Subject,Z,204,10.04
Position1.xlsx,Sheet1,Position 1,Our Subject,Z,205,9.81
Position1.xlsx,Sheet1,Position 1,Our Subject,Z,206,6.47
Position1.xlsx,Sheet1,Position 1,Our Subject,Z,207,8.16
Position1.xlsx,Sheet1,Position 1,Our Subject,Z,208,8.63
Position1.xlsx,Sheet1,Position 1,Our Subject,Z,209,8.2
Position1.xlsx,Sheet1,Position 1,Our Subject,Z,210,8.12
Position1.xlsx,Sheet1,Position 1,Our Subject,Z,211,8.83
Position1.xlsx,Sheet1,Position 1,Our Subject,Z,212,8.59
Position1.xlsx,Sheet1,Position 1,Our Subject,Z,213,7.96
Position1.xlsx,Sheet1,Position 1,Our Subject,Z,214,8.24
Position1.xlsx,Sheet1,Position 1,Our Subject,Z,215,8.39
Position1.xlsx,Sheet1,Position 1,Our Subject,Z,216,8.24
Position1.xlsx,Sheet1,Position 1,Our Subject,Z,217,8.24
Position1.xlsx,Sheet1,Position 1,Our Subject,Z,218,8.43
Position1.xlsx,Sheet1,Position 1,Our Subject,Z,219,7.85
Position1.xlsx,Sheet1,Position 1,Our Subject,Z,220,7.69
Position1.xlsx,Sheet1,Position 1,Our Subject,Z,221,7.26
Position1.xlsx,Sheet1,Position 1,Our Subject,Z,222,8.63
Position1.xlsx,Sheet1,Position 1,Our Subject,Z,223,9.38
Position1.xlsx,Sheet1,Position 1,Our Subject,Z,224,9.26
Position1.xlsx,Sheet1,Position 1,Our Subject,Z,225,8.63
Position1.xlsx,Sheet1,Position 1,Our Subject,Z,226,8.59
Position1.xlsx,Sheet1,Position 1,Our Subject,Z,227,8.2
Position1.xlsx,Sheet1,Position 1,Our Subject,Z,228,7.77
Position1.xlsx,Sheet1,Position 1,Our Subject,Z,229,11.02
Position1.xlsx,Sheet1,Position 1,Our Subject,Z,230,11.65
Position1.xlsx,Sheet1,Position 1,Our Subject,Z,231,4.79
Position1.xlsx,Sheet1,Position 1,Our Subject,Z,232,9.96
Position1.xlsx,Sheet1,Position 1,Our Subject,Z,233,6.79
Position1.xlsx,Sheet1,Position 1,Our Subject,Z,234,8
Position1.xlsx,Sheet1,Position 1,Our Subject,Z,235,7.77
Position1.xlsx,Sheet1,Position 1,Our Subject,Z,236,8.32
Position1.xlsx,Sheet1,Position 1,Our Subject,Z,237,8.63
Position1.xlsx,Sheet1,Position 1,Our Subject,Z,238,8.63
Position1.xlsx,Sheet1,Position 1,Our Subject,Z,239,9.18
Position1.xlsx,Sheet1,Position 1,Our Subject,Z,240,8.51
Position1.xlsx,Sheet1,Position 1,Our Subject,Z,241,8.67
Position1.xlsx,Sheet1,Position 1,Our Subject,Z,242,8.63
Position1.xlsx,Sheet1,Position 1,Our Subject,Z,243,8.75
Position1.xlsx,Sheet1,Position 1,Our Subject,Z,244,8.55
Position1.xlsx,Sheet1,Position 1,Our Subject,Z,245,9.02
Position1.xlsx,Sheet1,Position 1,Our Subject,Z,246,9.1
Position1.xlsx,Sheet1,Position 1,Our Subject,Z,247,8.67
Position1.xlsx,Sheet1,Position 1,Our Subject,Z,248,9.38
Position1.xlsx,Sheet1,Position 1,Our Subject,Z,249,8.43
Position1.xlsx,Sheet1,Position 1,Our Subject,Z,250,9.18
Position1.xlsx,Sheet1,Position 1,Our Subject,Z,251,9.22
Position1.xlsx,Sheet1,Position 1,Our Subject,Z,252,8.94
Position1.xlsx,Sheet1,Position 1,Our Subject,Z,253,8.32
Position1.xlsx,Sheet1,Position 1,Our Subject,Z,254,8.9
Position1.xlsx,Sheet1,Position 1,Our Subject,Z,255,10.16
Position1.xlsx,Sheet1,Position 1,Our Subject,Z,256,9.02
Position1.xlsx,Sheet1,Position 1,Our Subject,Z,257,8.75
Position1.xlsx,Sheet1,Position 1,Our Subject,Z,258,9.3
Position1.xlsx,Sheet1,Position 1,Our Subject,Z,259,9.53
Position1.xlsx,Sheet1,Position 1,Our Subject,Z,260,9.22
Position1.xlsx,Sheet1,Position 1,E- leg,X,1,8.79
Position1.xlsx,Sheet1,Position 1,E- leg,X,2,8.75
Position1.xlsx,Sheet1,Position 1,E- leg,X,3,8.79
Position1.xlsx,Sheet1,Position 1,E- leg,X,4,8.79
Position1.xlsx,Sheet1,Position 1,E- leg,X,5,8.79
Position1.xlsx,Sheet1,Position 1,E- leg,X,6,8.75
Position1.xlsx,Sheet1,Position 1,E- leg,X,7,8.79
Position1.xlsx,Sheet1,Position 1,E- leg,X,8,8.71
Position1.xlsx,Sheet1,Position 1,E- leg,X,9,8.71
Position1.xlsx,Sheet1,Position 1,E- leg,X,10,8.71
Position1.xlsx,Sheet1,Position 1,E- leg,X,11,8.75
Position1.xlsx,Sheet1,Position 1,E- leg,X,12,8.79
Position1.xlsx,Sheet1,Position 1,E- leg,X,13,8.79
Position1.xlsx,Sheet1,Position 1,E- leg,X,14,8.75
Position1.xlsx,Sheet1,Position 1,E- leg,X,15,8.71
Position1.xlsx,Sheet1,Position 1,E- leg,X,16,8.79
Position1.xlsx,Sheet1,Position 1,E- leg,X,17,8.75
Position1.xlsx,Sheet1,Position 1,E- leg,X,18,8.79
Position1.xlsx,Sheet1,Position 1,E- leg,X,19,8.79
Position1.xlsx,Sheet1,Position 1,E- leg,X,20,8.75
Position1.xlsx,Sheet1,Position 1,E- leg,X,21,8.75
Position1.xlsx,Sheet1,Position 1,E- leg,X,22,8.79
Position1.xlsx,Sheet1,Position 1,E- leg,X,23,8.83
Position1.xlsx,Sheet1,Position 1,E- leg,X,24,8.75
Position1.xlsx,Sheet1,Position 1,E- leg,X,25,8.79
Position1.xlsx,Sheet1,Position 1,E- leg,X,26,8.79
Position1.xlsx,Sheet1,Position 1,E- leg,X,27,8.71
Position1.xlsx,Sheet1,Position 1,E- leg,X,28,8.71
Position1.xlsx,Sheet1,Position 1,E- leg,X,29,8.83
Position1.xlsx,Sheet1,Position 1,E- leg,X,30,8.79
Position1.xlsx,Sheet1,Position 1,E- leg,X,31,8.79
Position1.xlsx,Sheet1,Position 1,E- leg,X,32,8.79
Position1.xlsx,Sheet1,Position 1,E- leg,X,33,8.75
Position1.xlsx,Sheet1,Position 1,E- leg,X,34,8.79
Position1.xlsx,Sheet1,Position 1,E- leg,X,35,8.79
Position1.xlsx,Sheet1,Position 1,E- leg,X,36,8.87
Position1.xlsx,Sheet1,Position 1,E- leg,X,37,8.79
Position1.xlsx,Sheet1,Position 1,E- leg,X,38,8.75
Position1.xlsx,Sheet1,Position 1,E- leg,X,39,8.75
Position1.xlsx,Sheet1,Position 1,E- leg,X,40,8.87
Position1.xlsx,Sheet1,Position 1,E- leg,X,41,8.83
Position1.xlsx,Sheet1,Position 1,E- leg,X,42,8.83
Position1.xlsx,Sheet1,Position 1,E- leg,X,43,8.87
Position1.xlsx,Sheet1,Position 1,E- leg,X,44,8.87
Position1.xlsx,Sheet1,Position 1,E- leg,X,45,8.9
Position1.xlsx,Sheet1,Position 1,E- leg,X,46,8.87
Position1.xlsx,Sheet1,Position 1,E- leg,X,47,8.9
Position1.xlsx,Sheet1,Position 1,E- leg,X,48,8.87
Position1.xlsx,Sheet1,Position 1,E- leg,X,49,8.98
Position1.xlsx,Sheet1,Position 1,E- leg,X,50,8.94
Position1.xlsx,Sheet1,Position 1,E- leg,X,51,8.79
Position1.xlsx,Sheet1,Position 1,E- leg,X,52,9.45
Position1.xlsx,Sheet1,Position 1,E- leg,X,53,9.34
Position1.xlsx,Sheet1,Position 1,E- leg,X,54,8.98
Position1.xlsx,Sheet1,Position 1,E- leg,X,55,8.67
Position1.xlsx,Sheet1,Position 1,E- leg,X,56,8.9
Position1.xlsx,Sheet1,Position 1,E- leg,X,57,8.94
Position1.xlsx,Sheet1,Position 1,E- leg,X,58,9.02
Position1.xlsx,Sheet1,Position 1,E- leg,X,59,8.75
Position1.xlsx,Sheet1,Position 1,E- leg,X,60,8.71
Position1.xlsx,Sheet1,Position 1,E- leg,X,61,8.71
Position1.xlsx,Sheet1,Position 1,E- leg,X,62,8.98
Position1.xlsx,Sheet1,Position 1,E- leg,X,63,9.34
Position1.xlsx,Sheet1,Position 1,E- leg,X,64,9.34
Position1.xlsx,Sheet1,Position 1,E- leg,X,65,9.26
Position1.xlsx,Sheet1,Position 1,E- leg,X,66,8.94
Position1.xlsx,Sheet1,Position 1,E- leg,X,67,9.14
Position1.xlsx,Sheet1,Position 1,E- leg,X,68,9.26
Position1.xlsx,Sheet1,Position 1,E- leg,X,69,8.83
Position1.xlsx,Sheet1,Position 1,E- leg,X,70,8.2
Position1.xlsx,Sheet1,Position 1,E- leg,X,71,9.53
Position1.xlsx,Sheet1,Position 1,E- leg,X,72,9.85
Position1.xlsx,Sheet1,Position 1,E- leg,X,73,9.49
Position1.xlsx,Sheet1,Position 1,E- leg,X,74,8.75
Position1.xlsx,Sheet1,Position 1,E- leg,X,75,8.71
Position1.xlsx,Sheet1,Position 1,E- leg,X,76,8.98
Position1.xlsx,Sheet1,Position 1,E- leg,X,77,9.14
Position1.xlsx,Sheet1,Position 1,E- leg,X,78,9.14
Position1.xlsx,Sheet1,Position 1,E- leg,X,79,9.26
Position1.xlsx,Sheet1,Position 1,E- leg,X,80,10.98
Position1.xlsx,Sheet1,Position 1,E- leg,X,81,9.53
Position1.xlsx,Sheet1,Position 1,E- leg,X,82,9.34
Position1.xlsx,Sheet1,Position 1,E- leg,X,83,9.06
Position1.xlsx,Sheet1,Position 1,E- leg,X,84,9.18
Position1.xlsx,Sheet1,Position 1,E- leg,X,85,9.34
Position1.xlsx,Sheet1,Position 1,E- leg,X,86,9.38
Position1.xlsx,Sheet1,Position 1,E- leg,X,87,9.49
Position1.xlsx,Sheet1,Position 1,E- leg,X,88,9.22
Position1.xlsx,Sheet1,Position 1,E- leg,X,89,9.26
Position1.xlsx,Sheet1,Position 1,E- leg,X,90,9.14
Position1.xlsx,Sheet1,Position 1,E- leg,X,91,9.22
Position1.xlsx,Sheet1,Position 1,E- leg,X,92,9.26
Position1.xlsx,Sheet1,Position 1,E- leg,X,93,9.14
Position1.xlsx,Sheet1,Position 1,E- leg,X,94,9.18
Position1.xlsx,Sheet1,Position 1,E- leg,X,95,8.94
Position1.xlsx,Sheet1,Position 1,E- leg,X,96,8.98
Position1.xlsx,Sheet1,Position 1,E- leg,X,97,9.02
Position1.xlsx,Sheet1,Position 1,E- leg,X,98,9.3
Position1.xlsx,Sheet1,Position 1,E- leg,X,99,8.98
Position1.xlsx,Sheet1,Position 1,E- leg,X,100,9.1
Position1.xlsx,Sheet1,Position 1,E- leg,X,101,8.98
Position1.xlsx,Sheet1,Position 1,E- leg,X,102,9.02
Position1.xlsx,Sheet1,Position 1,E- leg,X,103,9.06
Position1.xlsx,Sheet1,Position 1,E- leg,X,104,8.98
Position1.xlsx,Sheet1,Position 1,E- leg,X,105,9.22
Position1.xlsx,Sheet1,Position 1,E- leg,X,106,9.06
Position1.xlsx,Sheet1,Position 1,E- leg,X,107,9.02
Position1.xlsx,Sheet1,Position 1,E- leg,X,108,9.18
Position1.xlsx,Sheet1,Position 1,E- leg,X,109,9.1
Position1.xlsx,Sheet1,Position 1,E- leg,X,110,9.26
Position1.xlsx,Sheet1,Position 1,E- leg,X,111,9.1
Position1.xlsx,Sheet1,Position 1,E- leg,X,112,9.34
Position1.xlsx,Sheet1,Position 1,E- leg,X,113,8.59
Position1.xlsx,Sheet1,Position 1,E- leg,X,114,8.87
Position1.xlsx,Sheet1,Position 1,E- leg,X,115,9.1
Position1.xlsx,Sheet1,Position 1,E- leg,X,116,8.87
Position1.xlsx,Sheet1,Position 1,E- leg,X,117,8.9
Position1.xlsx,Sheet1,Position 1,E- leg,X,118,8.55
Position1.xlsx,Sheet1,Position 1,E- leg,X,119,8.71
Position1.xlsx,Sheet1,Position 1,E- leg,X,120,9.45
Position1.xlsx,Sheet1,Position 1,E- leg,X,121,9.3
Position1.xlsx,Sheet1,Position 1,E- leg,X,122,9.22
Position1.xlsx,Sheet1,Position 1,E- leg,X,123,8.63
Position1.xlsx,Sheet1,Position 1,E- leg,X,124,8.36
Position1.xlsx,Sheet1,Position 1,E- leg,X,125,8.51
Position1.xlsx,Sheet1,Position 1,E- leg,X,126,8.83
Position1.xlsx,Sheet1,Position 1,E- leg,X,127,8.83
Position1.xlsx,Sheet1,Position 1,E- leg,X,128,8.9
Position1.xlsx,Sheet1,Position 1,E- leg,X,129,8.9
Position1.xlsx,Sheet1,Position 1,E- leg,X,130,9.22
Position1.xlsx,Sheet1,Position 1,E- leg,X,131,9.06
Position1.xlsx,Sheet1,Position 1,E- leg,X,132,9.14
Position1.xlsx,Sheet1,Position 1,E- leg,X,133,9.02
Position1.xlsx,Sheet1,Position 1,E- leg,X,134,9.14
Position1.xlsx,Sheet1,Position 1,E- leg,X,135,9.22
Position1.xlsx,Sheet1,Position 1,E- leg,X,136,8.9
Position1.xlsx,Sheet1,Position 1,E- leg,X,137,9.14
Position1.xlsx,Sheet1,Position 1,E- leg,X,138,9.18
Position1.xlsx,Sheet1,Position 1,E- leg,X,139,9.26
Position1.xlsx,Sheet1,Position 1,E- leg,X,140,9.3
Position1.xlsx,Sheet1,Position 1,E- leg,X,141,8.87
Position1.xlsx,Sheet1,Position 1,E- leg,X,142,8.59
Position1.xlsx,Sheet1,Position 1,E- leg,X,143,8.87
Position1.xlsx,Sheet1,Position 1,E- leg,X,144,8.87
Position1.xlsx,Sheet1,Position 1,E- leg,X,145,9.26
Position1.xlsx,Sheet1,Position 1,E- leg,X,146,9.34
Position1.xlsx,Sheet1,Position 1,E- leg,X,147,8.71
Position1.xlsx,Sheet1,Position 1,E- leg,X,148,8.75
Position1.xlsx,Sheet1,Position 1,E- leg,X,149,9.81
Position1.xlsx,Sheet1,Position 1,E- leg,X,150,9.26
Position1.xlsx,Sheet1,Position 1,E- leg,X,151,9.06
Position1.xlsx,Sheet1,Position 1,E- leg,X,152,9.61
Position1.xlsx,Sheet1,Position 1,E- leg,X,153,9.41
Position1.xlsx,Sheet1,Position 1,E- leg,X,154,9.18
Position1.xlsx,Sheet1,Position 1,E- leg,X,155,9.38
Position1.xlsx,Sheet1,Position 1,E- leg,X,156,9.3
Position1.xlsx,Sheet1,Position 1,E- leg,X,157,9.34
Position1.xlsx,Sheet1,Position 1,E- leg,X,158,9.34
Position1.xlsx,Sheet1,Position 1,E- leg,X,159,9.14
Position1.xlsx,Sheet1,Position 1,E- leg,X,160,9.41
Position1.xlsx,Sheet1,Position 1,E- leg,X,161,9.22
Position1.xlsx,Sheet1,Position 1,E- leg,X,162,9.1
Position1.xlsx,Sheet1,Position 1,E- leg,X,163,9.26
Position1.xlsx,Sheet1,Position 1,E- leg,X,164,9.02
Position1.xlsx,Sheet1,Position 1,E- leg,X,165,9.34
Position1.xlsx,Sheet1,Position 1,E- leg,X,166,9.1
Position1.xlsx,Sheet1,Position 1,E- leg,X,167,9.22
Position1.xlsx,Sheet1,Position 1,E- leg,X,168,9.1
Position1.xlsx,Sheet1,Position 1,E- leg,X,169,9.26
Position1.xlsx,Sheet1,Position 1,E- leg,X,170,9.45
Position1.xlsx,Sheet1,Position 1,E- leg,X,171,9.22
Position1.xlsx,Sheet1,Position 1,E- leg,X,172,9.34
Position1.xlsx,Sheet1,Position 1,E- leg,X,173,9.41
Position1.xlsx,Sheet1,Position 1,E- leg,X,174,9.18
Position1.xlsx,Sheet1,Position 1,E- leg,X,175,9.22
Position1.xlsx,Sheet1,Position 1,E- leg,X,176,9.18
Position1.xlsx,Sheet1,Position 1,E- leg,X,177,9.06
Position1.xlsx,Sheet1,Position 1,E- leg,X,178,9.45
Position1.xlsx,Sheet1,Position 1,E- leg,X,179,8.83
Position1.xlsx,Sheet1,Position 1,E- leg,X,180,9.26
Position1.xlsx,Sheet1,Position 1,E- leg,X,181,8.98
Position1.xlsx,Sheet1,Position 1,E- leg,X,182,9.18
Position1.xlsx,Sheet1,Position 1,E- leg,X,183,9.1
Position1.xlsx,Sheet1,Position 1,E- leg,X,184,9.22
Position1.xlsx,Sheet1,Position 1,E- leg,X,185,9.14
Position1.xlsx,Sheet1,Position 1,E- leg,X,186,9.14
Position1.xlsx,Sheet1,Position 1,E- leg,X,187,9.06
Position1.xlsx,Sheet1,Position 1,E- leg,X,188,8.98
Position1.xlsx,Sheet1,Position 1,E- leg,X,189,9.1
Position1.xlsx,Sheet1,Position 1,E- leg,X,190,8.94
Position1.xlsx,Sheet1,Position 1,E- leg,X,191,9.18
Position1.xlsx,Sheet1,Position 1,E- leg,X,192,9.26
Position1.xlsx,Sheet1,Position 1,E- leg,X,193,9.1
Position1.xlsx,Sheet1,Position 1,E- leg,X,194,8.9
Position1.xlsx,Sheet1,Position 1,E- leg,X,195,8.75
Position1.xlsx,Sheet1,Position 1,E- leg,X,196,9.06
Position1.xlsx,Sheet1,Position 1,E- leg,X,197,9.18
Position1.xlsx,Sheet1,Position 1,E- leg,X,198,9.06
Position1.xlsx,Sheet1,Position 1,E- leg,X,199,9.1
Position1.xlsx,Sheet1,Position 1,E- leg,X,200,9.02
Position1.xlsx,Sheet1,Position 1,E- leg,X,201,9.18
Position1.xlsx,Sheet1,Position 1,E- leg,X,202,9.26
Position1.xlsx,Sheet1,Position 1,E- leg,X,203,9.18
Position1.xlsx,Sheet1,Position 1,E- leg,X,204,9.02
Position1.xlsx,Sheet1,Position 1,E- leg,X,205,9.18
Position1.xlsx,Sheet1,Position 1,E- leg,X,206,9.34
Position1.xlsx,Sheet1,Position 1,E- leg,X,207,9.18
Position1.xlsx,Sheet1,Position 1,E- leg,X,208,9.14
Position1.xlsx,Sheet1,Position 1,E- leg,X,209,9.06
Position1.xlsx,Sheet1,Position 1,E- leg,X,210,9.22
Position1.xlsx,Sheet1,Position 1,E- leg,X,211,9.06
Position1.xlsx,Sheet1,Position 1,E- leg,X,212,9.1
Position1.xlsx,Sheet1,Position 1,E- leg,X,213,9.14
Position1.xlsx,Sheet1,Position 1,E- leg,X,214,9.1
Position1.xlsx,Sheet1,Position 1,E- leg,X,215,8.98
Position1.xlsx,Sheet1,Position 1,E- leg,X,216,9.06
Position1.xlsx,Sheet1,Position 1,E- leg,X,217,9.02
Position1.xlsx,Sheet1,Position 1,E- leg,X,218,9.26
Position1.xlsx,Sheet1,Position 1,E- leg,X,219,8.87
Position1.xlsx,Sheet1,Position 1,E- leg,X,220,8.87
Position1.xlsx,Sheet1,Position 1,E- leg,X,221,8.94
Position1.xlsx,Sheet1,Position 1,E- leg,X,222,13.53
Position1.xlsx,Sheet1,Position 1,E- leg,X,223,10.28
Position1.xlsx,Sheet1,Position 1,E- leg,X,224,9.77
Position1.xlsx,Sheet1,Position 1,E- leg,X,225,9.26
Position1.xlsx,Sheet1,Position 1,E- leg,X,226,9.14
Position1.xlsx,Sheet1,Position 1,E- leg,X,227,9.3
Position1.xlsx,Sheet1,Position 1,E- leg,X,228,9.34
Position1.xlsx,Sheet1,Position 1,E- leg,X,229,9.22
Position1.xlsx,Sheet1,Position 1,E- leg,X,230,9.3
Position1.xlsx,Sheet1,Position 1,E- leg,X,231,9.14
Position1.xlsx,Sheet1,Position 1,E- leg,X,232,9.22
Position1.xlsx,Sheet1,Position 1,E- leg,X,233,9.38
Position1.xlsx,Sheet1,Position 1,E- leg,X,234,9.34
Position1.xlsx,Sheet1,Position 1,E- leg,X,235,8.98
Position1.xlsx,Sheet1,Position 1,E- leg,X,236,9.26
Position1.xlsx,Sheet1,Position 1,E- leg,X,237,9.26
Position1.xlsx,Sheet1,Position 1,E- leg,X,238,9.34
Position1.xlsx,Sheet1,Position 1,E- leg,X,239,9.26
Position1.xlsx,Sheet1,Position 1,E- leg,X,240,9.38
Position1.xlsx,Sheet1,Position 1,E- leg,X,241,8.59
Position1.xlsx,Sheet1,Position 1,E- leg,X,242,9.1
Position1.xlsx,Sheet1,Position 1,E- leg,X,243,9.34
Position1.xlsx,Sheet1,Position 1,E- leg,X,244,9.26
Position1.xlsx,Sheet1,Position 1,E- leg,X,245,9.14
Position1.xlsx,Sheet1,Position 1,E- leg,X,246,9.06
Position1.xlsx,Sheet1,Position 1,E- leg,X,247,9.02
Position1.xlsx,Sheet1,Position 1,E- leg,Y,1,-0.71
Position1.xlsx,Sheet1,Position 1,E- leg,Y,2,-0.75
Position1.xlsx,Sheet1,Position 1,E- leg,Y,3,-0.82
Position1.xlsx,Sheet1,Position 1,E- leg,Y,4,-0.71
Position1.xlsx,Sheet1,Position 1,E- leg,Y,5,-0.86
Position1.xlsx,Sheet1,Position 1,E- leg,Y,6,-0.71
Position1.xlsx,Sheet1,Position 1,E- leg,Y,7,-0.63
Position1.xlsx,Sheet1,Position 1,E- leg,Y,8,-0.75
Position1.xlsx,Sheet1,Position 1,E- leg,Y,9,-0.71
Position1.xlsx,Sheet1,Position 1,E- leg,Y,10,-0.67
Position1.xlsx,Sheet1,Position 1,E- leg,Y,11,-0.71
Position1.xlsx,Sheet1,Position 1,E- leg,Y,12,-0.71
Position1.xlsx,Sheet1,Position 1,E- leg,Y,13,-0.71
Position1.xlsx,Sheet1,Position 1,E- leg,Y,14,-0.71
Position1.xlsx,Sheet1,Position 1,E- leg,Y,15,-0.67
Position1.xlsx,Sheet1,Position 1,E- leg,Y,16,-0.71
Position1.xlsx,Sheet1,Position 1,E- leg,Y,17,-0.59
Position1.xlsx,Sheet1,Position 1,E- leg,Y,18,-0.75
Position1.xlsx,Sheet1,Position 1,E- leg,Y,19,-0.71
Position1.xlsx,Sheet1,Position 1,E- leg,Y,20,-0.67
Position1.xlsx,Sheet1,Position 1,E- leg,Y,21,-0.63
Position1.xlsx,Sheet1,Position 1,E- leg,Y,22,-0.71
Position1.xlsx,Sheet1,Position 1,E- leg,Y,23,-0.67
Position1.xlsx,Sheet1,Position 1,E- leg,Y,24,-0.67
Position1.xlsx,Sheet1,Position 1,E- leg,Y,25,-0.71
Position1.xlsx,Sheet1,Position 1,E- leg,Y,26,-0.9
Position1.xlsx,Sheet1,Position 1,E- leg,Y,27,-0.67
Position1.xlsx,Sheet1,Position 1,E- leg,Y,28,-0.71
Position1.xlsx,Sheet1,Position 1,E- leg,Y,29,-0.63
Position1.xlsx,Sheet1,Position 1,E- leg,Y,30,-0.75
Position1.xlsx,Sheet1,Position 1,E- leg,Y,31,-0.75
Position1.xlsx,Sheet1,Position 1,E- leg,Y,32,-0.75
Position1.xlsx,Sheet1,Position 1,E- leg,Y,33,-0.75
Position1.xlsx,Sheet1,Position 1,E- leg,Y,34,-0.67
Position1.xlsx,Sheet1,Position 1,E- leg,Y,35,-0.59
Position1.xlsx,Sheet1,Position 1,E- leg,Y,36,-0.63
Position1.xlsx,Sheet1,Position 1,E- leg,Y,37,-0.75
Position1.xlsx,Sheet1,Position 1,E- leg,Y,38,-0.71
Position1.xlsx,Sheet1,Position 1,E- leg,Y,39,-0.75
Position1.xlsx,Sheet1,Position 1,E- leg,Y,40,-0.71
Position1.xlsx,Sheet1,Position 1,E- leg,Y,41,-0.71
Position1.xlsx,Sheet1,Position 1,E- leg,Y,42,-0.75
Position1.xlsx,Sheet1,Position 1,E- leg,Y,43,-0.71
Position1.xlsx,Sheet1,Position 1,E- leg,Y,44,-0.63
Position1.xlsx,Sheet1,Position 1,E- leg,Y,45,-0.78
Position1.xlsx,Sheet1,Position 1,E- leg,Y,46,-0.75
Position1.xlsx,Sheet1,Position 1,E- leg,Y,47,-0.59
Position1.xlsx,Sheet1,Position 1,E- leg,Y,48,-0.63
Position1.xlsx,Sheet1,Position 1,E- leg,Y,49,-0.51
Position1.xlsx,Sheet1,Position 1,E- leg,Y,50,-0.47
Position1.xlsx,Sheet1,Position 1,E- leg,Y,51,-0.59
Position1.xlsx,Sheet1,Position 1,E- leg,Y,52,-0.71
Position1.xlsx,Sheet1,Position 1,E- leg,Y,53,-0.51
Position1.xlsx,Sheet1,Position 1,E- leg,Y,54,-0.31
Position1.xlsx,Sheet1,Position 1,E- leg,Y,55,-0.24
Position1.xlsx,Sheet1,Position 1,E- leg,Y,56,-0.08
Position1.xlsx,Sheet1,Position 1,E- leg,Y,57,-0.59
Position1.xlsx,Sheet1,Position 1,E- leg,Y,58,-1.02
Position1.xlsx,Sheet1,Position 1,E- leg,Y,59,-0.71
Position1.xlsx,Sheet1,Position 1,E- leg,Y,60,-0.47
Position1.xlsx,Sheet1,Position 1,E- leg,Y,61,-0.31
Position1.xlsx,Sheet1,Position 1,E- leg,Y,62,-0.04
Position1.xlsx,Sheet1,Position 1,E- leg,Y,63,0.08
Position1.xlsx,Sheet1,Position 1,E- leg,Y,64,0.2
Position1.xlsx,Sheet1,Position 1,E- leg,Y,65,0.04
Position1.xlsx,Sheet1,Position 1,E- leg,Y,66,-0.9
Position1.xlsx,Sheet1,Position 1,E- leg,Y,67,-0.86
Position1.xlsx,Sheet1,Position 1,E- leg,Y,68,-0.39
Position1.xlsx,Sheet1,Position 1,E- leg,Y,69,-0.78
Position1.xlsx,Sheet1,Position 1,E- leg,Y,70,-1.26
Position1.xlsx,Sheet1,Position 1,E- leg,Y,71,-0.63
Position1.xlsx,Sheet1,Position 1,E- leg,Y,72,-0.04
Position1.xlsx,Sheet1,Position 1,E- leg,Y,73,-0.04
Position1.xlsx,Sheet1,Position 1,E- leg,Y,74,-0.31
Position1.xlsx,Sheet1,Position 1,E- leg,Y,75,-0.55
Position1.xlsx,Sheet1,Position 1,E- leg,Y,76,-0.82
Position1.xlsx,Sheet1,Position 1,E- leg,Y,77,-0.94
Position1.xlsx,Sheet1,Position 1,E- leg,Y,78,-0.16
Position1.xlsx,Sheet1,Position 1,E- leg,Y,79,-0.55
Position1.xlsx,Sheet1,Position 1,E- leg,Y,80,-1.45
Position1.xlsx,Sheet1,Position 1,E- leg,Y,81,-0.2
Position1.xlsx,Sheet1,Position 1,E- leg,Y,82,-0.24
Position1.xlsx,Sheet1,Position 1,E- leg,Y,83,-0.43
Position1.xlsx,Sheet1,Position 1,E- leg,Y,84,-0.04
Position1.xlsx,Sheet1,Position 1,E- leg,Y,85,-0.24
Position1.xlsx,Sheet1,Position 1,E- leg,Y,86,-0.55
Position1.xlsx,Sheet1,Position 1,E- leg,Y,87,-0.16
Position1.xlsx,Sheet1,Position 1,E- leg,Y,88,-0.35
Position1.xlsx,Sheet1,Position 1,E- leg,Y,89,-0.31
Position1.xlsx,Sheet1,Position 1,E- leg,Y,90,-0.24
Position1.xlsx,Sheet1,Position 1,E- leg,Y,91,-0.35
Position1.xlsx,Sheet1,Position 1,E- leg,Y,92,-0.39
Position1.xlsx,Sheet1,Position 1,E- leg,Y,93,-0.43
Position1.xlsx,Sheet1,Position 1,E- leg,Y,94,-0.47
Position1.xlsx,Sheet1,Position 1,E- leg,Y,95,-0.67
Position1.xlsx,Sheet1,Position 1,E- leg,Y,96,-0.75
Position1.xlsx,Sheet1,Position 1,E- leg,Y,97,-0.43
Position1.xlsx,Sheet1,Position 1,E- leg,Y,98,-0.08
Position1.xlsx,Sheet1,Position 1,E- leg,Y,99,-0.35
Position1.xlsx,Sheet1,Position 1,E- leg,Y,100,-0.31
Position1.xlsx,Sheet1,Position 1,E- leg,Y,101,-0.24
Position1.xlsx,Sheet1,Position 1,E- leg,Y,102,-0.31
Position1.xlsx,Sheet1,Position 1,E- leg,Y,103,-0.27
Position1.xlsx,Sheet1,Position 1,E- leg,Y,104,-0.47
Position1.xlsx,Sheet1,Position 1,E- leg,Y,105,-0.08
Position1.xlsx,Sheet1,Position 1,E- leg,Y,106,-0.35
Position1.xlsx,Sheet1,Position 1,E- leg,Y,107,-0.43
Position1.xlsx,Sheet1,Position 1,E- leg,Y,108,-0.39
Position1.xlsx,Sheet1,Position 1,E- leg,Y,109,-0.47
Position1.xlsx,Sheet1,Position 1,E- leg,Y,110,-0.16
Position1.xlsx,Sheet1,Position 1,E- leg,Y,111,-0.04
Position1.xlsx,Sheet1,Position 1,E- leg,Y,112,0
Position1.xlsx,Sheet1,Position 1,E- leg,Y,113,-0.47
Position1.xlsx,Sheet1,Position 1,E- leg,Y,114,-0.67
Position1.xlsx,Sheet1,Position 1,E- leg,Y,115,-0.08
Position1.xlsx,Sheet1,Position 1,E- leg,Y,116,-0.39
Position1.xlsx,Sheet1,Position 1,E- leg,Y,117,-0.78
Position1.xlsx,Sheet1,Position 1,E- leg,Y,118,-0.94
Position1.xlsx,Sheet1,Position 1,E- leg,Y,119,-0.78
Position1.xlsx,Sheet1,Position 1,E- leg,Y,120,-0.27
Position1.xlsx,Sheet1,Position 1,E- leg,Y,121,-1.1
Position1.xlsx,Sheet1,Position 1,E- leg,Y,122,-0.51
Position1.xlsx,Sheet1,Position 1,E- leg,Y,123,-0.82
Position1.xlsx,Sheet1,Position 1,E- leg,Y,124,-0.16
Position1.xlsx,Sheet1,Position 1,E- leg,Y,125,-0.78
Position1.xlsx,Sheet1,Position 1,E- leg,Y,126,-0.98
Position1.xlsx,Sheet1,Position 1,E- leg,Y,127,-0.75
Position1.xlsx,Sheet1,Position 1,E- leg,Y,128,-0.67
Position1.xlsx,Sheet1,Position 1,E- leg,Y,129,-0.67
Position1.xlsx,Sheet1,Position 1,E- leg,Y,130,-0.71
Position1.xlsx,Sheet1,Position 1,E- leg,Y,131,-0.71
Position1.xlsx,Sheet1,Position 1,E- leg,Y,132,-0.51
Position1.xlsx,Sheet1,Position 1,E- leg,Y,133,-0.63
Position1.xlsx,Sheet1,Position 1,E- leg,Y,134,-0.55
Position1.xlsx,Sheet1,Position 1,E- leg,Y,135,-0.24
Position1.xlsx,Sheet1,Position 1,E- leg,Y,136,-0.86
Position1.xlsx,Sheet1,Position 1,E- leg,Y,137,-0.63
Position1.xlsx,Sheet1,Position 1,E- leg,Y,138,-0.16
Position1.xlsx,Sheet1,Position 1,E- leg,Y,139,-0.12
Position1.xlsx,Sheet1,Position 1,E- leg,Y,140,-0.08
Position1.xlsx,Sheet1,Position 1,E- leg,Y,141,-0.43
Position1.xlsx,Sheet1,Position 1,E- leg,Y,142,-0.67
Position1.xlsx,Sheet1,Position 1,E- leg,Y,143,-0.35
Position1.xlsx,Sheet1,Position 1,E- leg,Y,144,-0.2
Position1.xlsx,Sheet1,Position 1,E- leg,Y,145,-0.39
Position1.xlsx,Sheet1,Position 1,E- leg,Y,146,-0.63
Position1.xlsx,Sheet1,Position 1,E- leg,Y,147,-0.08
Position1.xlsx,Sheet1,Position 1,E- leg,Y,148,-0.75
Position1.xlsx,Sheet1,Position 1,E- leg,Y,149,-0.43
Position1.xlsx,Sheet1,Position 1,E- leg,Y,150,-0.08
Position1.xlsx,Sheet1,Position 1,E- leg,Y,151,-0.04
Position1.xlsx,Sheet1,Position 1,E- leg,Y,152,-0.63
Position1.xlsx,Sheet1,Position 1,E- leg,Y,153,0
Position1.xlsx,Sheet1,Position 1,E- leg,Y,154,-0.04
Position1.xlsx,Sheet1,Position 1,E- leg,Y,155,-0.31
Position1.xlsx,Sheet1,Position 1,E- leg,Y,156,-0.75
Position1.xlsx,Sheet1,Position 1,E- leg,Y,157,-0.04
Position1.xlsx,Sheet1,Position 1,E- leg,Y,158,-0.04
Position1.xlsx,Sheet1,Position 1,E- leg,Y,159,-0.08
Position1.xlsx,Sheet1,Position 1,E- leg,Y,160,0.08
Position1.xlsx,Sheet1,Position 1,E- leg,Y,161,0.08
Position1.xlsx,Sheet1,Position 1,E- leg,Y,162,-0.04
Position1.xlsx,Sheet1,Position 1,E- leg,Y,163,-0.35
Position1.xlsx,Sheet1,Position 1,E- leg,Y,164,-0.08
Position1.xlsx,Sheet1,Position 1,E- leg,Y,165,-0.08
Position1.xlsx,Sheet1,Position 1,E- leg,Y,166,-0.12
Position1.xlsx,Sheet1,Position 1,E- leg,Y,167,-0.24
Position1.xlsx,Sheet1,Position 1,E- leg,Y,168,-0.12
Position1.xlsx,Sheet1,Position 1,E- leg,Y,169,-0.2
Position1.xlsx,Sheet1,Position 1,E- leg,Y,170,-0.16
Position1.xlsx,Sheet1,Position 1,E- leg,Y,171,-0.12
Position1.xlsx,Sheet1,Position 1,E- leg,Y,172,-0.27
Position1.xlsx,Sheet1,Position 1,E- leg,Y,173,-0.08
Position1.xlsx,Sheet1,Position 1,E- leg,Y,174,-0.2
Position1.xlsx,Sheet1,Position 1,E- leg,Y,175,-0.08
Position1.xlsx,Sheet1,Position 1,E- leg,Y,176,-0.08
Position1.xlsx,Sheet1,Position 1,E- leg,Y,177,0
Position1.xlsx,Sheet1,Position 1,E- leg,Y,178,0.08
Position1.xlsx,Sheet1,Position 1,E- leg,Y,179,-0.31
Position1.xlsx,Sheet1,Position 1,E- leg,Y,180,-0.27
Position1.xlsx,Sheet1,Position 1,E- leg,Y,181,-0.39
Position1.xlsx,Sheet1,Position 1,E- leg,Y,182,-0.31
Position1.xlsx,Sheet1,Position 1,E- leg,Y,183,-0.31
Position1.xlsx,Sheet1,Position 1,E- leg,Y,184,-0.24
Position1.xlsx,Sheet1,Position 1,E- leg,Y,185,-0.27
Position1.xlsx,Sheet1,Position 1,E- leg,Y,186,-0.12
Position1.xlsx,Sheet1,Position 1,E- leg,Y,187,-0.16
Position1.xlsx,Sheet1,Position 1,E- leg,Y,188,-0.43
Position1.xlsx,Sheet1,Position 1,E- leg,Y,189,-0.43
Position1.xlsx,Sheet1,Position 1,E- leg,Y,190,-0.39
Position1.xlsx,Sheet1,Position 1,E- leg,Y,191,-0.51
Position1.xlsx,Sheet1,Position 1,E- leg,Y,192,-0.51
Position1.xlsx,Sheet1,Position 1,E- leg,Y,193,0.04
Position1.xlsx,Sheet1,Position 1,E- leg,Y,194,0.08
Position1.xlsx,Sheet1,Position 1,E- leg,Y,195,-0.43
Position1.xlsx,Sheet1,Position 1,E- leg,Y,196,-0.78
Position1.xlsx,Sheet1,Position 1,E- leg,Y,197,-0.43
Position1.xlsx,Sheet1,Position 1,E- leg,Y,198,-0.27
Position1.xlsx,Sheet1,Position 1,E- leg,Y,199,-0.43
Position1.xlsx,Sheet1,Position 1,E- leg,Y,200,-0.43
Position1.xlsx,Sheet1,Position 1,E- leg,Y,201,-0.39
Position1.xlsx,Sheet1,Position 1,E- leg,Y,202,-0.27
Position1.xlsx,Sheet1,Position 1,E- leg,Y,203,-0.35
Position1.xlsx,Sheet1,Position 1,E- leg,Y,204,-0.39
Position1.xlsx,Sheet1,Position 1,E- leg,Y,205,-0.43
Position1.xlsx,Sheet1,Position 1,E- leg,Y,206,-0.2
Position1.xlsx,Sheet1,Position 1,E- leg,Y,207,-0.39
Position1.xlsx,Sheet1,Position 1,E- leg,Y,208,-0.27
Position1.xlsx,Sheet1,Position 1,E- leg,Y,209,-0.08
Position1.xlsx,Sheet1,Position 1,E- leg,Y,210,-0.12
Position1.xlsx,Sheet1,Position 1,E- leg,Y,211,-0.24
Position1.xlsx,Sheet1,Position 1,E- leg,Y,212,-0.08
Position1.xlsx,Sheet1,Position 1,E- leg,Y,213,-0.08
Position1.xlsx,Sheet1,Position 1,E- leg,Y,214,-0.43
Position1.xlsx,Sheet1,Position 1,E- leg,Y,215,-0.24
Position1.xlsx,Sheet1,Position 1,E- leg,Y,216,0
Position1.xlsx,Sheet1,Position 1,E- leg,Y,217,-0.08
Position1.xlsx,Sheet1,Position 1,E- leg,Y,218,-0.31
Position1.xlsx,Sheet1,Position 1,E- leg,Y,219,-0.43
Position1.xlsx,Sheet1,Position 1,E- leg,Y,220,-0.59
Position1.xlsx,Sheet1,Position 1,E- leg,Y,221,-0.75
Position1.xlsx,Sheet1,Position 1,E- leg,Y,222,-2.71
Position1.xlsx,Sheet1,Position 1,E- leg,Y,223,0.35
Position1.xlsx,Sheet1,Position 1,E- leg,Y,224,-0.67
Position1.xlsx,Sheet1,Position 1,E- leg,Y,225,0
Position1.xlsx,Sheet1,Position 1,E- leg,Y,226,0.04
Position1.xlsx,Sheet1,Position 1,E- leg,Y,227,-0.67
Position1.xlsx,Sheet1,Position 1,E- leg,Y,228,-0.2
Position1.xlsx,Sheet1,Position 1,E- leg,Y,229,0.27
Position1.xlsx,Sheet1,Position 1,E- leg,Y,230,-0.27
Position1.xlsx,Sheet1,Position 1,E- leg,Y,231,-0.35
Position1.xlsx,Sheet1,Position 1,E- leg,Y,232,-0.16
Position1.xlsx,Sheet1,Position 1,E- leg,Y,233,-0.04
Position1.xlsx,Sheet1,Position 1,E- leg,Y,234,0.08
Position1.xlsx,Sheet1,Position 1,E- leg,Y,235,-0.08
Position1.xlsx,Sheet1,Position 1,E- leg,Y,236,-0.04
Position1.xlsx,Sheet1,Position 1,E- leg,Y,237,0.16
Position1.xlsx,Sheet1,Position 1,E- leg,Y,238,0
Position1.xlsx,Sheet1,Position 1,E- leg,Y,239,-0.16
Position1.xlsx,Sheet1,Position 1,E- leg,Y,240,0.12
Position1.xlsx,Sheet1,Position 1,E- leg,Y,241,-0.47
Position1.xlsx,Sheet1,Position 1,E- leg,Y,242,-0.2
Position1.xlsx,Sheet1,Position 1,E- leg,Y,243,-0.04
Position1.xlsx,Sheet1,Position 1,E- leg,Y,244,0.04
Position1.xlsx,Sheet1,Position 1,E- leg,Y,245,-0.12
Position1.xlsx,Sheet1,Position 1,E- leg,Y,246,-0.24
Position1.xlsx,Sheet1,Position 1,E- leg,Y,247,-0.27
Position1.xlsx,Sheet1,Position 1,E- leg,Y,248,0.2
Position1.xlsx,Sheet1,Position 1,E- leg,Y,249,-0.04
Position1.xlsx,Sheet1,Position 1,E- leg,Y,250,-0.08
Position1.xlsx,Sheet1,Position 1,E- leg,Y,251,-0.08
Position1.xlsx,Sheet1,Position 1,E- leg,Y,252,0
Position1.xlsx,Sheet1,Position 1,E- leg,Y,253,0.27
Position1.xlsx,Sheet1,Position 1,E- leg,Y,254,0.04
Position1.xlsx,Sheet1,Position 1,E- leg,Y,255,-0.04
Position1.xlsx,Sheet1,Position 1,E- leg,Y,256,-0.08
Position1.xlsx,Sheet1,Position 1,E- leg,Y,257,0.04
Position1.xlsx,Sheet1,Position 1,E- leg,Y,258,-0.12
Position1.xlsx,Sheet1,Position 1,E- leg,Y,259,-0.04
Position1.xlsx,Sheet1,Position 1,E- leg,Z,1,5.73
Position1.xlsx,Sheet1,Position 1,E- leg,Z,2,5.61
Position1.xlsx,Sheet1,Position 1,E- leg,Z,3,5.81
Position1.xlsx,Sheet1,Position 1,E- leg,Z,4,5.61
Position1.xlsx,Sheet1,Position 1,E- leg,Z,5,5.69
Position1.xlsx,Sheet1,Position 1,E- leg,Z,6,5.77
Position1.xlsx,Sheet1,Position 1,E- leg,Z,7,5.81
Position1.xlsx,Sheet1,Position 1,E- leg,Z,8,5.73
Position1.xlsx,Sheet1,Position 1,E- leg,Z,9,5.69
Position1.xlsx,Sheet1,Position 1,E- leg,Z,10,5.77
Position1.xlsx,Sheet1,Position 1,E- leg,Z,11,5.45
Position1.xlsx,Sheet1,Position 1,E- leg,Z,12,5.73
Position1.xlsx,Sheet1,Position 1,E- leg,Z,13,5.73
Position1.xlsx,Sheet1,Position 1,E- leg,Z,14,5.73
Position1.xlsx,Sheet1,Position 1,E- leg,Z,15,5.73
Position1.xlsx,Sheet1,Position 1,E- leg,Z,16,5.77
Position1.xlsx,Sheet1,Position 1,E- leg,Z,17,5.69
Position1.xlsx,Sheet1,Position 1,E- leg,Z,18,5.73
Position1.xlsx,Sheet1,Position 1,E- leg,Z,19,5.61
Position1.xlsx,Sheet1,Position 1,E- leg,Z,20,5.81
Position1.xlsx,Sheet1,Position 1,E- leg,Z,21,5.77
Position1.xlsx,Sheet1,Position 1,E- leg,Z,22,5.77
Position1.xlsx,Sheet1,Position 1,E- leg,Z,23,5.69
Position1.xlsx,Sheet1,Position 1,E- leg,Z,24,5.81
Position1.xlsx,Sheet1,Position 1,E- leg,Z,25,5.57
Position1.xlsx,Sheet1,Position 1,E- leg,Z,26,5.69
Position1.xlsx,Sheet1,Position 1,E- leg,Z,27,5.61
Position1.xlsx,Sheet1,Position 1,E- leg,Z,28,5.61
Position1.xlsx,Sheet1,Position 1,E- leg,Z,29,5.77
Position1.xlsx,Sheet1,Position 1,E- leg,Z,30,5.92
Position1.xlsx,Sheet1,Position 1,E- leg,Z,31,5.69
Position1.xlsx,Sheet1,Position 1,E- leg,Z,32,5.77
Position1.xlsx,Sheet1,Position 1,E- leg,Z,33,5.61
Position1.xlsx,Sheet1,Position 1,E- leg,Z,34,5.57
Position1.xlsx,Sheet1,Position 1,E- leg,Z,35,5.49
Position1.xlsx,Sheet1,Position 1,E- leg,Z,36,5.61
Position1.xlsx,Sheet1,Position 1,E- leg,Z,37,5.61
Position1.xlsx,Sheet1,Position 1,E- leg,Z,38,5.73
Position1.xlsx,Sheet1,Position 1,E- leg,Z,39,5.65
Position1.xlsx,Sheet1,Position 1,E- leg,Z,40,5.57
Position1.xlsx,Sheet1,Position 1,E- leg,Z,41,5.53
Position1.xlsx,Sheet1,Position 1,E- leg,Z,42,5.49
Position1.xlsx,Sheet1,Position 1,E- leg,Z,43,5.65
Position1.xlsx,Sheet1,Position 1,E- leg,Z,44,5.49
Position1.xlsx,Sheet1,Position 1,E- leg,Z,45,5.41
Position1.xlsx,Sheet1,Position 1,E- leg,Z,46,5.45
Position1.xlsx,Sheet1,Position 1,E- leg,Z,47,5.14
Position1.xlsx,Sheet1,Position 1,E- leg,Z,48,5.45
Position1.xlsx,Sheet1,Position 1,E- leg,Z,49,5.49
Position1.xlsx,Sheet1,Position 1,E- leg,Z,50,5.57
Position1.xlsx,Sheet1,Position 1,E- leg,Z,51,5.73
Position1.xlsx,Sheet1,Position 1,E- leg,Z,52,5.57
Position1.xlsx,Sheet1,Position 1,E- leg,Z,53,5.33
Position1.xlsx,Sheet1,Position 1,E- leg,Z,54,5.45
Position1.xlsx,Sheet1,Position 1,E- leg,Z,55,4.9
Position1.xlsx,Sheet1,Position 1,E- leg,Z,56,4.98
Position1.xlsx,Sheet1,Position 1,E- leg,Z,57,4.98
Position1.xlsx,Sheet1,Position 1,E- leg,Z,58,4.86
Position1.xlsx,Sheet1,Position 1,E- leg,Z,59,4.71
Position1.xlsx,Sheet1,Position 1,E- leg,Z,60,4.86
Position1.xlsx,Sheet1,Position 1,E- leg,Z,61,4.75
Position1.xlsx,Sheet1,Position 1,E- leg,Z,62,4.9
Position1.xlsx,Sheet1,Position 1,E- leg,Z,63,4.43
Position1.xlsx,Sheet1,Position 1,E- leg,Z,64,4.43
Position1.xlsx,Sheet1,Position 1,E- leg,Z,65,4.39
Position1.xlsx,Sheet1,Position 1,E- leg,Z,66,4.2
Position1.xlsx,Sheet1,Position 1,E- leg,Z,67,4.2
Position1.xlsx,Sheet1,Position 1,E- leg,Z,68,4.51
Position1.xlsx,Sheet1,Position 1,E- leg,Z,69,4.94
Position1.xlsx,Sheet1,Position 1,E- leg,Z,70,5.41
Position1.xlsx,Sheet1,Position 1,E- leg,Z,71,6.08
Position1.xlsx,Sheet1,Position 1,E- leg,Z,72,6.04
Position1.xlsx,Sheet1,Position 1,E- leg,Z,73,5.41
Position1.xlsx,Sheet1,Position 1,E- leg,Z,74,4.71
Position1.xlsx,Sheet1,Position 1,E- leg,Z,75,4.2
Position1.xlsx,Sheet1,Position 1,E- leg,Z,76,3.96
Position1.xlsx,Sheet1,Position 1,E- leg,Z,77,3.33
Position1.xlsx,Sheet1,Position 1,E- leg,Z,78,3.8
Position1.xlsx,Sheet1,Position 1,E- leg,Z,79,4.51
Position1.xlsx,Sheet1,Position 1,E- leg,Z,80,3.92
Position1.xlsx,Sheet1,Position 1,E- leg,Z,81,4.28
Position1.xlsx,Sheet1,Position 1,E- leg,Z,82,4.35
Position1.xlsx,Sheet1,Position 1,E- leg,Z,83,4.24
Position1.xlsx,Sheet1,Position 1,E- leg,Z,84,3.96
Position1.xlsx,Sheet1,Position 1,E- leg,Z,85,3.57
Position1.xlsx,Sheet1,Position 1,E- leg,Z,86,3.88
Position1.xlsx,Sheet1,Position 1,E- leg,Z,87,4.31
Position1.xlsx,Sheet1,Position 1,E- leg,Z,88,4.63
Position1.xlsx,Sheet1,Position 1,E- leg,Z,89,4.47
Position1.xlsx,Sheet1,Position 1,E- leg,Z,90,4.55
Position1.xlsx,Sheet1,Position 1,E- leg,Z,91,3.8
Position1.xlsx,Sheet1,Position 1,E- leg,Z,92,4.47
Position1.xlsx,Sheet1,Position 1,E- leg,Z,93,4.39
Position1.xlsx,Sheet1,Position 1,E- leg,Z,94,5.02
Position1.xlsx,Sheet1,Position 1,E- leg,Z,95,4.82
Position1.xlsx,Sheet1,Position 1,E- leg,Z,96,4.79
Position1.xlsx,Sheet1,Position 1,E- leg,Z,97,4.63
Position1.xlsx,Sheet1,Position 1,E- leg,Z,98,5.18
Position1.xlsx,Sheet1,Position 1,E- leg,Z,99,4.98
Position1.xlsx,Sheet1,Position 1,E- leg,Z,100,4.98
Position1.xlsx,Sheet1,Position 1,E- leg,Z,101,4.94
Position1.xlsx,Sheet1,Position 1,E- leg,Z,102,4.79
Position1.xlsx,Sheet1,Position 1,E- leg,Z,103,5.1
Position1.xlsx,Sheet1,Position 1,E- leg,Z,104,4.63
Position1.xlsx,Sheet1,Position 1,E- leg,Z,105,5.06
Position1.xlsx,Sheet1,Position 1,E- leg,Z,106,4.94
Position1.xlsx,Sheet1,Position 1,E- leg,Z,107,4.59
Position1.xlsx,Sheet1,Position 1,E- leg,Z,108,4.67
Position1.xlsx,Sheet1,Position 1,E- leg,Z,109,4.63
Position1.xlsx,Sheet1,Position 1,E- leg,Z,110,4.71
Position1.xlsx,Sheet1,Position 1,E- leg,Z,111,5.96
Position1.xlsx,Sheet1,Position 1,E- leg,Z,112,6.04
Position1.xlsx,Sheet1,Position 1,E- leg,Z,113,5.49
Position1.xlsx,Sheet1,Position 1,E- leg,Z,114,5.02
Position1.xlsx,Sheet1,Position 1,E- leg,Z,115,5.45
Position1.xlsx,Sheet1,Position 1,E- leg,Z,116,5.88
Position1.xlsx,Sheet1,Position 1,E- leg,Z,117,6.16
Position1.xlsx,Sheet1,Position 1,E- leg,Z,118,6.39
Position1.xlsx,Sheet1,Position 1,E- leg,Z,119,6.12
Position1.xlsx,Sheet1,Position 1,E- leg,Z,120,6.71
Position1.xlsx,Sheet1,Position 1,E- leg,Z,121,5.33
Position1.xlsx,Sheet1,Position 1,E- leg,Z,122,4.79
Position1.xlsx,Sheet1,Position 1,E- leg,Z,123,5.02
Position1.xlsx,Sheet1,Position 1,E- leg,Z,124,4.67
Position1.xlsx,Sheet1,Position 1,E- leg,Z,125,4.79
Position1.xlsx,Sheet1,Position 1,E- leg,Z,126,4.55
Position1.xlsx,Sheet1,Position 1,E- leg,Z,127,4.63
Position1.xlsx,Sheet1,Position 1,E- leg,Z,128,4.75
Position1.xlsx,Sheet1,Position 1,E- leg,Z,129,4.71
Position1.xlsx,Sheet1,Position 1,E- leg,Z,130,4.71
Position1.xlsx,Sheet1,Position 1,E- leg,Z,131,4.79
Position1.xlsx,Sheet1,Position 1,E- leg,Z,132,4.82
Position1.xlsx,Sheet1,Position 1,E- leg,Z,133,4.59
Position1.xlsx,Sheet1,Position 1,E- leg,Z,134,4.39
Position1.xlsx,Sheet1,Position 1,E- leg,Z,135,4.51
Position1.xlsx,Sheet1,Position 1,E- leg,Z,136,4.28
Position1.xlsx,Sheet1,Position 1,E- leg,Z,137,4.35
Position1.xlsx,Sheet1,Position 1,E- leg,Z,138,4.43
Position1.xlsx,Sheet1,Position 1,E- leg,Z,139,4.39
Position1.xlsx,Sheet1,Position 1,E- leg,Z,140,4.12
Position1.xlsx,Sheet1,Position 1,E- leg,Z,141,4.2
Position1.xlsx,Sheet1,Position 1,E- leg,Z,142,4.47
Position1.xlsx,Sheet1,Position 1,E- leg,Z,143,4.63
Position1.xlsx,Sheet1,Position 1,E- leg,Z,144,5.02
Position1.xlsx,Sheet1,Position 1,E- leg,Z,145,5.73
Position1.xlsx,Sheet1,Position 1,E- leg,Z,146,3.88
Position1.xlsx,Sheet1,Position 1,E- leg,Z,147,3.02
Position1.xlsx,Sheet1,Position 1,E- leg,Z,148,3.65
Position1.xlsx,Sheet1,Position 1,E- leg,Z,149,4.08
Position1.xlsx,Sheet1,Position 1,E- leg,Z,150,3.88
Position1.xlsx,Sheet1,Position 1,E- leg,Z,151,3.02
Position1.xlsx,Sheet1,Position 1,E- leg,Z,152,3.22
Position1.xlsx,Sheet1,Position 1,E- leg,Z,153,3.77
Position1.xlsx,Sheet1,Position 1,E- leg,Z,154,3.8
Position1.xlsx,Sheet1,Position 1,E- leg,Z,155,3.84
Position1.xlsx,Sheet1,Position 1,E- leg,Z,156,3.77
Position1.xlsx,Sheet1,Position 1,E- leg,Z,157,3.69
Position1.xlsx,Sheet1,Position 1,E- leg,Z,158,4.35
Position1.xlsx,Sheet1,Position 1,E- leg,Z,159,3.88
Position1.xlsx,Sheet1,Position 1,E- leg,Z,160,3.88
Position1.xlsx,Sheet1,Position 1,E- leg,Z,161,4.79
Position1.xlsx,Sheet1,Position 1,E- leg,Z,162,4.47
Position1.xlsx,Sheet1,Position 1,E- leg,Z,163,4.35
Position1.xlsx,Sheet1,Position 1,E- leg,Z,164,4.16
Position1.xlsx,Sheet1,Position 1,E- leg,Z,165,4.43
Position1.xlsx,Sheet1,Position 1,E- leg,Z,166,4.35
Position1.xlsx,Sheet1,Position 1,E- leg,Z,167,4.24
Position1.xlsx,Sheet1,Position 1,E- leg,Z,168,4.16
Position1.xlsx,Sheet1,Position 1,E- leg,Z,169,3.84
Position1.xlsx,Sheet1,Position 1,E- leg,Z,170,4.08
Position1.xlsx,Sheet1,Position 1,E- leg,Z,171,4.04
Position1.xlsx,Sheet1,Position 1,E- leg,Z,172,3.92
Position1.xlsx,Sheet1,Position 1,E- leg,Z,173,4.2
Position1.xlsx,Sheet1,Position 1,E- leg,Z,174,4.24
Position1.xlsx,Sheet1,Position 1,E- leg,Z,175,4.31
Position1.xlsx,Sheet1,Position 1,E- leg,Z,176,4.31
Position1.xlsx,Sheet1,Position 1,E- leg,Z,177,5.1
Position1.xlsx,Sheet1,Position 1,E- leg,Z,178,4.94
Position1.xlsx,Sheet1,Position 1,E- leg,Z,179,4.79
Position1.xlsx,Sheet1,Position 1,E- leg,Z,180,4.39
Position1.xlsx,Sheet1,Position 1,E- leg,Z,181,4.39
Position1.xlsx,Sheet1,Position 1,E- leg,Z,182,4.86
Position1.xlsx,Sheet1,Position 1,E- leg,Z,183,5.06
Position1.xlsx,Sheet1,Position 1,E- leg,Z,184,4.82
Position1.xlsx,Sheet1,Position 1,E- leg,Z,185,4.71
Position1.xlsx,Sheet1,Position 1,E- leg,Z,186,4.75
Position1.xlsx,Sheet1,Position 1,E- leg,Z,187,5.18
Position1.xlsx,Sheet1,Position 1,E- leg,Z,188,5.1
Position1.xlsx,Sheet1,Position 1,E- leg,Z,189,5.49
Position1.xlsx,Sheet1,Position 1,E- leg,Z,190,5.22
Position1.xlsx,Sheet1,Position 1,E- leg,Z,191,5.02
Position1.xlsx,Sheet1,Position 1,E- leg,Z,192,5.02
Position1.xlsx,Sheet1,Position 1,E- leg,Z,193,4.67
Position1.xlsx,Sheet1,Position 1,E- leg,Z,194,4.67
Position1.xlsx,Sheet1,Position 1,E- leg,Z,195,5.02
Position1.xlsx,Sheet1,Position 1,E- leg,Z,196,4.67
Position1.xlsx,Sheet1,Position 1,E- leg,Z,197,4.39
Position1.xlsx,Sheet1,Position 1,E- leg,Z,198,4.9
Position1.xlsx,Sheet1,Position 1,E- leg,Z,199,4.86
Position1.xlsx,Sheet1,Position 1,E- leg,Z,200,4.75
Position1.xlsx,Sheet1,Position 1,E- leg,Z,201,4.59
Position1.xlsx,Sheet1,Position 1,E- leg,Z,202,4.59
Position1.xlsx,Sheet1,Position 1,E- leg,Z,203,4.39
Position1.xlsx,Sheet1,Position 1,E- leg,Z,204,4.39
Position1.xlsx,Sheet1,Position 1,E- leg,Z,205,4.39
Position1.xlsx,Sheet1,Position 1,E- leg,Z,206,4.59
Position1.xlsx,Sheet1,Position 1,E- leg,Z,207,4.35
Position1.xlsx,Sheet1,Position 1,E- leg,Z,208,4.28
Position1.xlsx,Sheet1,Position 1,E- leg,Z,209,4.31
Position1.xlsx,Sheet1,Position 1,E- leg,Z,210,4.12
Position1.xlsx,Sheet1,Position 1,E- leg,Z,211,3.8
Position1.xlsx,Sheet1,Position 1,E- leg,Z,212,4
Position1.xlsx,Sheet1,Position 1,E- leg,Z,213,3.96
Position1.xlsx,Sheet1,Position 1,E- leg,Z,214,4.04
Position1.xlsx,Sheet1,Position 1,E- leg,Z,215,4.16
Position1.xlsx,Sheet1,Position 1,E- leg,Z,216,4.47
Position1.xlsx,Sheet1,Position 1,E- leg,Z,217,4.55
Position1.xlsx,Sheet1,Position 1,E- leg,Z,218,4.47
Position1.xlsx,Sheet1,Position 1,E- leg,Z,219,4.71
Position1.xlsx,Sheet1,Position 1,E- leg,Z,220,5.3
Position1.xlsx,Sheet1,Position 1,E- leg,Z,221,5.3
Position1.xlsx,Sheet1,Position 1,E- leg,Z,222,2.79
Position1.xlsx,Sheet1,Position 1,E- leg,Z,223,3.96
Position1.xlsx,Sheet1,Position 1,E- leg,Z,224,4.71
Position1.xlsx,Sheet1,Position 1,E- leg,Z,225,4.63
Position1.xlsx,Sheet1,Position 1,E- leg,Z,226,3.61
Position1.xlsx,Sheet1,Position 1,E- leg,Z,227,3.8
Position1.xlsx,Sheet1,Position 1,E- leg,Z,228,4.04
Position1.xlsx,Sheet1,Position 1,E- leg,Z,229,4.12
Position1.xlsx,Sheet1,Position 1,E- leg,Z,230,4.39
Position1.xlsx,Sheet1,Position 1,E- leg,Z,231,4.2
Position1.xlsx,Sheet1,Position 1,E- leg,Z,232,4.2
Position1.xlsx,Sheet1,Position 1,E- leg,Z,233,4.08
Position1.xlsx,Sheet1,Position 1,E- leg,Z,234,4.39
Position1.xlsx,Sheet1,Position 1,E- leg,Z,235,4.2
Position1.xlsx,Sheet1,Position 1,E- leg,Z,236,3.96
Position1.xlsx,Sheet1,Position 1,E- leg,Z,237,4.31
Position1.xlsx,Sheet1,Position 1,E- leg,Z,238,4.63
Position1.xlsx,Sheet1,Position 1,E- leg,Z,239,4.24
Position1.xlsx,Sheet1,Position 1,E- leg,Z,240,5.1
Position1.xlsx,Sheet1,Position 1,E- leg,Z,241,4.47
Position1.xlsx,Sheet1,Position 1,E- leg,Z,242,4.08
Position1.xlsx,Sheet1,Position 1,E- leg,Z,243,4.82
Position1.xlsx,Sheet1,Position 1,E- leg,Z,244,4.79
Position1.xlsx,Sheet1,Position 1,E- leg,Z,245,4.98
Position1.xlsx,Sheet1,Position 1,E- leg,Z,246,4.86
Position1.xlsx,Sheet1,Position 1,E- leg,Z,247,3.96
Position1.xlsx,Sheet1,Position 1,E- leg,Z,248,4.24
Position1.xlsx,Sheet1,Position 1,E- leg,Z,249,4.51
Position1.xlsx,Sheet1,Position 1,E- leg,Z,250,4.55
Position1.xlsx,Sheet1,Position 1,E- leg,Z,251,4.47
Position1.xlsx,Sheet1,Position 1,E- leg,Z,252,4.24
Position1.xlsx,Sheet1,Position 1,E- leg,Z,253,4.67
Position1.xlsx,Sheet1,Position 1,E- leg,Z,254,4.98
Position1.xlsx,Sheet1,Position 1,E- leg,Z,255,5.22
Position1.xlsx,Sheet1,Position 1,E- leg,Z,256,5.1
Position1.xlsx,Sheet1,Position 1,E- leg,Z,257,5.18
Position1.xlsx,Sheet1,Position 1,E- leg,Z,258,4.94
Position2.xlsx,Sheet1,Position 2,Normal Person,X,1,-1.45
Position2.xlsx,Sheet1,Position 2,Normal Person,X,2,-1.18
Position2.xlsx,Sheet1,Position 2,Normal Person,X,3,-1.77
Position2.xlsx,Sheet1,Position 2,Normal Person,X,4,-1.49
Position2.xlsx,Sheet1,Position 2,Normal Person,X,5,-1.33
Position2.xlsx,Sheet1,Position 2,Normal Person,X,6,-1.22
Position2.xlsx,Sheet1,Position 2,Normal Person,X,7,-1.57
Position2.xlsx,Sheet1,Position 2,Normal Person,X,8,-1.45
Position2.xlsx,Sheet1,Position 2,Normal Person,X,9,-1.45
Position2.xlsx,Sheet1,Position 2,Normal Person,X,10,-1.45
Position2.xlsx,Sheet1,Position 2,Normal Person,X,11,-1.22
Position2.xlsx,Sheet1,Position 2,Normal Person,X,12,-1.33
Position2.xlsx,Sheet1,Position 2,Normal Person,X,13,-1.29
Position2.xlsx,Sheet1,Position 2,Normal Person,X,14,-1.41
Position2.xlsx,Sheet1,Position 2,Normal Person,X,15,-1.33
Position2.xlsx,Sheet1,Position 2,Normal Person,X,16,-1.49
Position2.xlsx,Sheet1,Position 2,Normal Person,X,17,-1.57
Position2.xlsx,Sheet1,Position 2,Normal Person,X,18,-1.22
Position2.xlsx,Sheet1,Position 2,Normal Person,X,19,-1.57
Position2.xlsx,Sheet1,Position 2,Normal Person,X,20,-1.26
Position2.xlsx,Sheet1,Position 2,Normal Person,X,21,-1.49
Position2.xlsx,Sheet1,Position 2,Normal Person,X,22,-1.53
Position2.xlsx,Sheet1,Position 2,Normal Person,X,23,-1.29
Position2.xlsx,Sheet1,Position 2,Normal Person,X,24,-1.45
Position2.xlsx,Sheet1,Position 2,Normal Person,X,25,-1.37
Position2.xlsx,Sheet1,Position 2,Normal Person,X,26,-1.57
Position2.xlsx,Sheet1,Position 2,Normal Person,X,27,-1.41
Position2.xlsx,Sheet1,Position 2,Normal Person,X,28,-1.65
Position2.xlsx,Sheet1,Position 2,Normal Person,X,29,-1.29
Position2.xlsx,Sheet1,Position 2,Normal Person,X,30,-1.65
Position2.xlsx,Sheet1,Position 2,Normal Person,X,31,-0.98
Position2.xlsx,Sheet1,Position 2,Normal Person,X,32,-1.29
Position2.xlsx,Sheet1,Position 2,Normal Person,X,33,-1.49
Position2.xlsx,Sheet1,Position 2,Normal Person,X,34,-1.45
Position2.xlsx,Sheet1,Position 2,Normal Person,X,35,-1.49
Position2.xlsx,Sheet1,Position 2,Normal Person,X,36,-1.49
Position2.xlsx,Sheet1,Position 2,Normal Person,X,37,-1.37
Position2.xlsx,Sheet1,Position 2,Normal Person,X,38,-1.14
Position2.xlsx,Sheet1,Position 2,Normal Person,X,39,-1.49
Position2.xlsx,Sheet1,Position 2,Normal Person,X,40,-1.61
Position2.xlsx,Sheet1,Position 2,Normal Person,X,41,-1.65
Position2.xlsx,Sheet1,Position 2,Normal Person,X,42,-1.73
Position2.xlsx,Sheet1,Position 2,Normal Person,X,43,-1.41
Position2.xlsx,Sheet1,Position 2,Normal Person,X,44,-1.57
Position2.xlsx,Sheet1,Position 2,Normal Person,X,45,-1.53
Position2.xlsx,Sheet1,Position 2,Normal Person,X,46,-1.57
Position2.xlsx,Sheet1,Position 2,Normal Person,X,47,-1.45
Position2.xlsx,Sheet1,Position 2,Normal Person,X,48,-1.18
Position2.xlsx,Sheet1,Position 2,Normal Person,X,49,-1.49
Position2.xlsx,Sheet1,Position 2,Normal Person,X,50,-1.18
Position2.xlsx,Sheet1,Position 2,Normal Person,X,51,-1.14
Position2.xlsx,Sheet1,Position 2,Normal Person,X,52,-1.84
Position2.xlsx,Sheet1,Position 2,Normal Person,X,53,-1.37
Position2.xlsx,Sheet1,Position 2,Normal Person,X,54,-2.08
Position2.xlsx,Sheet1,Position 2,Normal Person,X,55,-2.08
Position2.xlsx,Sheet1,Position 2,Normal Person,X,56,-0.9
Position2.xlsx,Sheet1,Position 2,Normal Person,X,57,-0.98
Position2.xlsx,Sheet1,Position 2,Normal Person,X,58,-0.16
Position2.xlsx,Sheet1,Position 2,Normal Person,X,59,-0.35
Position2.xlsx,Sheet1,Position 2,Normal Person,X,60,0.94
Position2.xlsx,Sheet1,Position 2,Normal Person,X,61,0.16
Position2.xlsx,Sheet1,Position 2,Normal Person,X,62,0.67
Position2.xlsx,Sheet1,Position 2,Normal Person,X,63,0.78
Position2.xlsx,Sheet1,Position 2,Normal Person,X,64,1.22
Position2.xlsx,Sheet1,Position 2,Normal Person,X,65,1.06
Position2.xlsx,Sheet1,Position 2,Normal Person,X,66,0.47
Position2.xlsx,Sheet1,Position 2,Normal Person,X,67,-0.39
Position2.xlsx,Sheet1,Position 2,Normal Person,X,68,-1.61
Position2.xlsx,Sheet1,Position 2,Normal Person,X,69,-4.59
Position2.xlsx,Sheet1,Position 2,Normal Person,X,70,-2.24
Position2.xlsx,Sheet1,Position 2,Normal Person,X,71,-2.71
Position2.xlsx,Sheet1,Position 2,Normal Person,X,72,-3.14
Position2.xlsx,Sheet1,Position 2,Normal Person,X,73,-1.26
Position2.xlsx,Sheet1,Position 2,Normal Person,X,74,-1.37
Position2.xlsx,Sheet1,Position 2,Normal Person,X,75,-1.88
Position2.xlsx,Sheet1,Position 2,Normal Person,X,76,-2.71
Position2.xlsx,Sheet1,Position 2,Normal Person,X,77,-2.86
Position2.xlsx,Sheet1,Position 2,Normal Person,X,78,-3.53
Position2.xlsx,Sheet1,Position 2,Normal Person,X,79,-2
Position2.xlsx,Sheet1,Position 2,Normal Person,X,80,1.14
Position2.xlsx,Sheet1,Position 2,Normal Person,X,81,0.31
Position2.xlsx,Sheet1,Position 2,Normal Person,X,82,-4.75
Position2.xlsx,Sheet1,Position 2,Normal Person,X,83,-1.26
Position2.xlsx,Sheet1,Position 2,Normal Person,X,84,-2.98
Position2.xlsx,Sheet1,Position 2,Normal Person,X,85,-2.86
Position2.xlsx,Sheet1,Position 2,Normal Person,X,86,-2.86
Position2.xlsx,Sheet1,Position 2,Normal Person,X,87,-2.55
Position2.xlsx,Sheet1,Position 2,Normal Person,X,88,-2.82
Position2.xlsx,Sheet1,Position 2,Normal Person,X,89,-2.04
Position2.xlsx,Sheet1,Position 2,Normal Person,X,90,-2.86
Position2.xlsx,Sheet1,Position 2,Normal Person,X,91,-2.47
Position2.xlsx,Sheet1,Position 2,Normal Person,X,92,-2.82
Position2.xlsx,Sheet1,Position 2,Normal Person,X,93,-2.47
Position2.xlsx,Sheet1,Position 2,Normal Person,X,94,-2.71
Position2.xlsx,Sheet1,Position 2,Normal Person,X,95,-2.71
Position2.xlsx,Sheet1,Position 2,Normal Person,X,96,-2.67
Position2.xlsx,Sheet1,Position 2,Normal Person,X,97,-2.63
Position2.xlsx,Sheet1,Position 2,Normal Person,X,98,-2.67
Position2.xlsx,Sheet1,Position 2,Normal Person,X,99,-2.67
Position2.xlsx,Sheet1,Position 2,Normal Person,X,100,-2.63
Position2.xlsx,Sheet1,Position 2,Normal Person,X,101,-2.75
Position2.xlsx,Sheet1,Position 2,Normal Person,X,102,-2.59
Position2.xlsx,Sheet1,Position 2,Normal Person,X,103,-2.59
Position2.xlsx,Sheet1,Position 2,Normal Person,X,104,-2.31
Position2.xlsx,Sheet1,Position 2,Normal Person,X,105,-2.82
Position2.xlsx,Sheet1,Position 2,Normal Person,X,106,-2.63
Position2.xlsx,Sheet1,Position 2,Normal Person,X,107,-2.75
Position2.xlsx,Sheet1,Position 2,Normal Person,X,108,-2.86
Position2.xlsx,Sheet1,Position 2,Normal Person,X,109,-2.59
Position2.xlsx,Sheet1,Position 2,Normal Person,X,110,-3.02
Position2.xlsx,Sheet1,Position 2,Normal Person,X,111,-3.22
Position2.xlsx,Sheet1,Position 2,Normal Person,X,112,-2
Position2.xlsx,Sheet1,Position 2,Normal Person,X,113,-2.75
Position2.xlsx,Sheet1,Position 2,Normal Person,X,114,-3.22
Position2.xlsx,Sheet1,Position 2,Normal Person,X,115,-3.26
Position2.xlsx,Sheet1,Position 2,Normal Person,X,116,-3.41
Position2.xlsx,Sheet1,Position 2,Normal Person,X,117,-3.02
Position2.xlsx,Sheet1,Position 2,Normal Person,X,118,-3.8
Position2.xlsx,Sheet1,Position 2,Normal Person,X,119,-5.77
Position2.xlsx,Sheet1,Position 2,Normal Person,X,120,-6.75
Position2.xlsx,Sheet1,Position 2,Normal Person,X,121,-5.41
Position2.xlsx,Sheet1,Position 2,Normal Person,X,122,-3.49
Position2.xlsx,Sheet1,Position 2,Normal Person,X,123,-3.14
Position2.xlsx,Sheet1,Position 2,Normal Person,X,124,-2.39
Position2.xlsx,Sheet1,Position 2,Normal Person,X,125,-2.82
Position2.xlsx,Sheet1,Position 2,Normal Person,X,126,-3.14
Position2.xlsx,Sheet1,Position 2,Normal Person,X,127,-2.31
Position2.xlsx,Sheet1,Position 2,Normal Person,X,128,-2.47
Position2.xlsx,Sheet1,Position 2,Normal Person,X,129,-2.67
Position2.xlsx,Sheet1,Position 2,Normal Person,X,130,-3.65
Position2.xlsx,Sheet1,Position 2,Normal Person,X,131,-1.84
Position2.xlsx,Sheet1,Position 2,Normal Person,X,132,-6.43
Position2.xlsx,Sheet1,Position 2,Normal Person,X,133,-1.73
Position2.xlsx,Sheet1,Position 2,Normal Person,X,134,1.57
Position2.xlsx,Sheet1,Position 2,Normal Person,X,135,8.16
Position2.xlsx,Sheet1,Position 2,Normal Person,X,136,-4.43
Position2.xlsx,Sheet1,Position 2,Normal Person,X,137,-3.49
Position2.xlsx,Sheet1,Position 2,Normal Person,X,138,-2.75
Position2.xlsx,Sheet1,Position 2,Normal Person,X,139,-5.1
Position2.xlsx,Sheet1,Position 2,Normal Person,X,140,-3.8
Position2.xlsx,Sheet1,Position 2,Normal Person,X,141,-1.57
Position2.xlsx,Sheet1,Position 2,Normal Person,X,142,14.79
Position2.xlsx,Sheet1,Position 2,Normal Person,X,143,-6.24
Position2.xlsx,Sheet1,Position 2,Normal Person,X,144,0.75
Position2.xlsx,Sheet1,Position 2,Normal Person,X,145,-0.59
Position2.xlsx,Sheet1,Position 2,Normal Person,X,146,-1.77
Position2.xlsx,Sheet1,Position 2,Normal Person,X,147,-3.57
Position2.xlsx,Sheet1,Position 2,Normal Person,X,148,-2.35
Position2.xlsx,Sheet1,Position 2,Normal Person,X,149,-2.31
Position2.xlsx,Sheet1,Position 2,Normal Person,X,150,-2.12
Position2.xlsx,Sheet1,Position 2,Normal Person,X,151,-2.16
Position2.xlsx,Sheet1,Position 2,Normal Person,X,152,-2.2
Position2.xlsx,Sheet1,Position 2,Normal Person,X,153,-1.88
Position2.xlsx,Sheet1,Position 2,Normal Person,X,154,-2.31
Position2.xlsx,Sheet1,Position 2,Normal Person,X,155,-2.12
Position2.xlsx,Sheet1,Position 2,Normal Person,X,156,-2.47
Position2.xlsx,Sheet1,Position 2,Normal Person,X,157,-2.12
Position2.xlsx,Sheet1,Position 2,Normal Person,X,158,-2.43
Position2.xlsx,Sheet1,Position 2,Normal Person,X,159,-2.39
Position2.xlsx,Sheet1,Position 2,Normal Person,X,160,-2.43
Position2.xlsx,Sheet1,Position 2,Normal Person,X,161,-2.51
Position2.xlsx,Sheet1,Position 2,Normal Person,X,162,-2.55
Position2.xlsx,Sheet1,Position 2,Normal Person,X,163,-2.39
Position2.xlsx,Sheet1,Position 2,Normal Person,X,164,-2.39
Position2.xlsx,Sheet1,Position 2,Normal Person,X,165,-2.35
Position2.xlsx,Sheet1,Position 2,Normal Person,X,166,-2.51
Position2.xlsx,Sheet1,Position 2,Normal Person,X,167,-2.59
Position2.xlsx,Sheet1,Position 2,Normal Person,X,168,-2.16
Position2.xlsx,Sheet1,Position 2,Normal Person,X,169,-2.67
Position2.xlsx,Sheet1,Position 2,Normal Person,X,170,-2.16
Position2.xlsx,Sheet1,Position 2,Normal Person,X,171,-2
Position2.xlsx,Sheet1,Position 2,Normal Person,X,172,-2.2
Position2.xlsx,Sheet1,Position 2,Normal Person,X,173,-2
Position2.xlsx,Sheet1,Position 2,Normal Person,X,174,-2.12
Position2.xlsx,Sheet1,Position 2,Normal Person,X,175,-2.08
Position2.xlsx,Sheet1,Position 2,Normal Person,X,176,-2.16
Position2.xlsx,Sheet1,Position 2,Normal Person,X,177,-2.28
Position2.xlsx,Sheet1,Position 2,Normal Person,X,178,-2.35
Position2.xlsx,Sheet1,Position 2,Normal Person,X,179,-2.47
Position2.xlsx,Sheet1,Position 2,Normal Person,X,180,-0.98
Position2.xlsx,Sheet1,Position 2,Normal Person,X,181,-2.51
Position2.xlsx,Sheet1,Position 2,Normal Person,X,182,-2.67
Position2.xlsx,Sheet1,Position 2,Normal Person,X,183,-2.04
Position2.xlsx,Sheet1,Position 2,Normal Person,X,184,-2.2
Position2.xlsx,Sheet1,Position 2,Normal Person,X,185,-1.92
Position2.xlsx,Sheet1,Position 2,Normal Person,X,186,-2.51
Position2.xlsx,Sheet1,Position 2,Normal Person,X,187,-2.16
Position2.xlsx,Sheet1,Position 2,Normal Person,X,188,-1.84
Position2.xlsx,Sheet1,Position 2,Normal Person,X,189,-2.04
Position2.xlsx,Sheet1,Position 2,Normal Person,X,190,-2.04
Position2.xlsx,Sheet1,Position 2,Normal Person,X,191,-2.04
Position2.xlsx,Sheet1,Position 2,Normal Person,X,192,-1.92
Position2.xlsx,Sheet1,Position 2,Normal Person,X,193,-1.84
Position2.xlsx,Sheet1,Position 2,Normal Person,X,194,-2.24
Position2.xlsx,Sheet1,Position 2,Normal Person,X,195,-1.88
Position2.xlsx,Sheet1,Position 2,Normal Person,X,196,-2.55
Position2.xlsx,Sheet1,Position 2,Normal Person,X,197,-1.92
Position2.xlsx,Sheet1,Position 2,Normal Person,X,198,-2.16
Position2.xlsx,Sheet1,Position 2,Normal Person,X,199,-2.08
Position2.xlsx,Sheet1,Position 2,Normal Person,X,200,-2.24
Position2.xlsx,Sheet1,Position 2,Normal Person,X,201,-1.92
Position2.xlsx,Sheet1,Position 2,Normal Person,X,202,-2.08
Position2.xlsx,Sheet1,Position 2,Normal Person,X,203,-2.16
Position2.xlsx,Sheet1,Position 2,Normal Person,X,204,-2.16
Position2.xlsx,Sheet1,Position 2,Normal Person,X,205,-1.96
Position2.xlsx,Sheet1,Position 2,Normal Person,X,206,-2.08
Position2.xlsx,Sheet1,Position 2,Normal Person,X,207,-1.96
Position2.xlsx,Sheet1,Position 2,Normal Person,X,208,-2.24
Position2.xlsx,Sheet1,Position 2,Normal Person,X,209,-2.08
Position2.xlsx,Sheet1,Position 2,Normal Person,X,210,-2.12
Position2.xlsx,Sheet1,Position 2,Normal Person,X,211,-2.12
Position2.xlsx,Sheet1,Position 2,Normal Person,X,212,-2.08
Position2.xlsx,Sheet1,Position 2,Normal Person,X,213,-2.04
Position2.xlsx,Sheet1,Position 2,Normal Person,X,214,-2.04
Position2.xlsx,Sheet1,Position 2,Normal Person,X,215,-2.2
Position2.xlsx,Sheet1,Position 2,Normal Person,X,216,-2.16
Position2.xlsx,Sheet1,Position 2,Normal Person,X,217,-2.16
Position2.xlsx,Sheet1,Position 2,Normal Person,X,218,-2.16
Position2.xlsx,Sheet1,Position 2,Normal Person,X,219,-2.2
Position2.xlsx,Sheet1,Position 2,Normal Person,X,220,-2.24
Position2.xlsx,Sheet1,Position 2,Normal Person,X,221,-2.2
Position2.xlsx,Sheet1,Position 2,Normal Person,X,222,-2.16
Position2.xlsx,Sheet1,Position 2,Normal Person,X,223,-2.2
Position2.xlsx,Sheet1,Position 2,Normal Person,X,224,-2.2
Position2.xlsx,Sheet1,Position 2,Normal Person,X,225,-2.12
Position2.xlsx,Sheet1,Position 2,Normal Person,X,226,-2.2
Position2.xlsx,Sheet1,Position 2,Normal Person,X,227,-2.2
Position2.xlsx,Sheet1,Position 2,Normal Person,X,228,-2.16
Position2.xlsx,Sheet1,Position 2,Normal Person,X,229,-2.2
Position2.xlsx,Sheet1,Position 2,Normal Person,X,230,-2.12
Position2.xlsx,Sheet1,Position 2,Normal Person,X,231,-2.12
Position2.xlsx,Sheet1,Position 2,Normal Person,X,232,-2.16
Position2.xlsx,Sheet1,Position 2,Normal Person,X,233,-2.2
Position2.xlsx,Sheet1,Position 2,Normal Person,X,234,-2.16
Position2.xlsx,Sheet1,Position 2,Normal Person,X,235,-2.16
Position2.xlsx,Sheet1,Position 2,Normal Person,X,236,-2.2
Position2.xlsx,Sheet1,Position 2,Normal Person,X,237,-2.12
Position2.xlsx,Sheet1,Position 2,Normal Person,X,238,-2.16
Position2.xlsx,Sheet1,Position 2,Normal Person,X,239,-2.12
Position2.xlsx,Sheet1,Position 2,Normal Person,X,240,-2.16
Position2.xlsx,Sheet1,Position 2,Normal Person,X,241,-2.16
Position2.xlsx,Sheet1,Position 2,Normal Person,X,242,-2.16
Position2.xlsx,Sheet1,Position 2,Normal Person,X,243,-2.16
Position2.xlsx,Sheet1,Position 2,Normal Person,X,244,-2.2
Position2.xlsx,Sheet1,Position 2,Normal Person,X,245,-2.2
Position2.xlsx,Sheet1,Position 2,Normal Person,X,246,-2.2
Position2.xlsx,Sheet1,Position 2,Normal Person,X,247,-2.16
Position2.xlsx,Sheet1,Position 2,Normal Person,X,248,-2.16
Position2.xlsx,Sheet1,Position 2,Normal Person,X,249,-2.2
Position2.xlsx,Sheet1,Position 2,Normal Person,X,250,-2.2
Position2.xlsx,Sheet1,Position 2,Normal Person,X,251,-2.2
Position2.xlsx,Sheet1,Position 2,Normal Person,X,252,-2.12
Position2.xlsx,Sheet1,Position 2,Normal Person,X,253,-2.24
Position2.xlsx,Sheet1,Position 2,Normal Person,X,254,-2.2
Position2.xlsx,Sheet1,Position 2,Normal Person,X,255,-2.2
Position2.xlsx,Sheet1,Position 2,Normal Person,X,256,-2.16
Position2.xlsx,Sheet1,Position 2,Normal Person,X,257,-2.12
Position2.xlsx,Sheet1,Position 2,Normal Person,Y,1,1.73
Position2.xlsx,Sheet1,Position 2,Normal Person,Y,2,1.88
Position2.xlsx,Sheet1,Position 2,Normal Person,Y,3,1.77
Position2.xlsx,Sheet1,Position 2,Normal Person,Y,4,1.49
Position2.xlsx,Sheet1,Position 2,Normal Person,Y,5,1.53
Position2.xlsx,Sheet1,Position 2,Normal Person,Y,6,1.8
Position2.xlsx,Sheet1,Position 2,Normal Person,Y,7,1.69
Position2.xlsx,Sheet1,Position 2,Normal Person,Y,8,1.45
Position2.xlsx,Sheet1,Position 2,Normal Person,Y,9,1.77
Position2.xlsx,Sheet1,Position 2,Normal Person,Y,10,1.65
Position2.xlsx,Sheet1,Position 2,Normal Person,Y,11,1.8
Position2.xlsx,Sheet1,Position 2,Normal Person,Y,12,1.69
Position2.xlsx,Sheet1,Position 2,Normal Person,Y,13,1.69
Position2.xlsx,Sheet1,Position 2,Normal Person,Y,14,1.77
Position2.xlsx,Sheet1,Position 2,Normal Person,Y,15,1.84
Position2.xlsx,Sheet1,Position 2,Normal Person,Y,16,1.49
Position2.xlsx,Sheet1,Position 2,Normal Person,Y,17,1.88
Position2.xlsx,Sheet1,Position 2,Normal Person,Y,18,1.96
Position2.xlsx,Sheet1,Position 2,Normal Person,Y,19,1.65
Position2.xlsx,Sheet1,Position 2,Normal Person,Y,20,1.57
Position2.xlsx,Sheet1,Position 2,Normal Person,Y,21,1.65
Position2.xlsx,Sheet1,Position 2,Normal Person,Y,22,1.65
Position2.xlsx,Sheet1,Position 2,Normal Person,Y,23,1.61
Position2.xlsx,Sheet1,Position 2,Normal Person,Y,24,1.57
Position2.xlsx,Sheet1,Position 2,Normal Person,Y,25,1.61
Position2.xlsx,Sheet1,Position 2,Normal Person,Y,26,1.73
Position2.xlsx,Sheet1,Position 2,Normal Person,Y,27,1.53
Position2.xlsx,Sheet1,Position 2,Normal Person,Y,28,1.53
Position2.xlsx,Sheet1,Position 2,Normal Person,Y,29,1.65
Position2.xlsx,Sheet1,Position 2,Normal Person,Y,30,1.45
Position2.xlsx,Sheet1,Position 2,Normal Person,Y,31,1.84
Position2.xlsx,Sheet1,Position 2,Normal Person,Y,32,1.69
Position2.xlsx,Sheet1,Position 2,Normal Person,Y,33,1.49
Position2.xlsx,Sheet1,Position 2,Normal Person,Y,34,1.65
Position2.xlsx,Sheet1,Position 2,Normal Person,Y,35,1.53
Position2.xlsx,Sheet1,Position 2,Normal Person,Y,36,1.57
Position2.xlsx,Sheet1,Position 2,Normal Person,Y,37,1.69
Position2.xlsx,Sheet1,Position 2,Normal Person,Y,38,1.8
Position2.xlsx,Sheet1,Position 2,Normal Person,Y,39,1.57
Position2.xlsx,Sheet1,Position 2,Normal Person,Y,40,1.57
Position2.xlsx,Sheet1,Position 2,Normal Person,Y,41,1.61
Position2.xlsx,Sheet1,Position 2,Normal Person,Y,42,1.65
Position2.xlsx,Sheet1,Position 2,Normal Person,Y,43,1.49
Position2.xlsx,Sheet1,Position 2,Normal Person,Y,44,1.45
Position2.xlsx,Sheet1,Position 2,Normal Person,Y,45,1.8
Position2.xlsx,Sheet1,Position 2,Normal Person,Y,46,1.77
Position2.xlsx,Sheet1,Position 2,Normal Person,Y,47,1.65
Position2.xlsx,Sheet1,Position 2,Normal Person,Y,48,1.41
Position2.xlsx,Sheet1,Position 2,Normal Person,Y,49,1.41
Position2.xlsx,Sheet1,Position 2,Normal Person,Y,50,1.49
Position2.xlsx,Sheet1,Position 2,Normal Person,Y,51,1.53
Position2.xlsx,Sheet1,Position 2,Normal Person,Y,52,1.45
Position2.xlsx,Sheet1,Position 2,Normal Person,Y,53,1.8
Position2.xlsx,Sheet1,Position 2,Normal Person,Y,54,1.53
Position2.xlsx,Sheet1,Position 2,Normal Person,Y,55,1.45
Position2.xlsx,Sheet1,Position 2,Normal Person,Y,56,2.31
Position2.xlsx,Sheet1,Position 2,Normal Person,Y,57,2.31
Position2.xlsx,Sheet1,Position 2,Normal Person,Y,58,2.59
Position2.xlsx,Sheet1,Position 2,Normal Person,Y,59,3.22
Position2.xlsx,Sheet1,Position 2,Normal Person,Y,60,2.35
Position2.xlsx,Sheet1,Position 2,Normal Person,Y,61,2.31
Position2.xlsx,Sheet1,Position 2,Normal Person,Y,62,2.47
Position2.xlsx,Sheet1,Position 2,Normal Person,Y,63,2.24
Position2.xlsx,Sheet1,Position 2,Normal Person,Y,64,1.77
Position2.xlsx,Sheet1,Position 2,Normal Person,Y,65,2.79
Position2.xlsx,Sheet1,Position 2,Normal Person,Y,66,2.79
Position2.xlsx,Sheet1,Position 2,Normal Person,Y,67,3.18
Position2.xlsx,Sheet1,Position 2,Normal Person,Y,68,3.65
Position2.xlsx,Sheet1,Position 2,Normal Person,Y,69,5.81
Position2.xlsx,Sheet1,Position 2,Normal Person,Y,70,3.3
Position2.xlsx,Sheet1,Position 2,Normal Person,Y,71,4.39
Position2.xlsx,Sheet1,Position 2,Normal Person,Y,72,3.61
Position2.xlsx,Sheet1,Position 2,Normal Person,Y,73,3.73
Position2.xlsx,Sheet1,Position 2,Normal Person,Y,74,3.1
Position2.xlsx,Sheet1,Position 2,Normal Person,Y,75,3.18
Position2.xlsx,Sheet1,Position 2,Normal Person,Y,76,4.04
Position2.xlsx,Sheet1,Position 2,Normal Person,Y,77,3.88
Position2.xlsx,Sheet1,Position 2,Normal Person,Y,78,3.96
Position2.xlsx,Sheet1,Position 2,Normal Person,Y,79,4.31
Position2.xlsx,Sheet1,Position 2,Normal Person,Y,80,4.31
Position2.xlsx,Sheet1,Position 2,Normal Person,Y,81,3.18
Position2.xlsx,Sheet1,Position 2,Normal Person,Y,82,3.77
Position2.xlsx,Sheet1,Position 2,Normal Person,Y,83,5.18
Position2.xlsx,Sheet1,Position 2,Normal Person,Y,84,5.1
Position2.xlsx,Sheet1,Position 2,Normal Person,Y,85,4.98
Position2.xlsx,Sheet1,Position 2,Normal Person,Y,86,4.35
Position2.xlsx,Sheet1,Position 2,Normal Person,Y,87,4.04
Position2.xlsx,Sheet1,Position 2,Normal Person,Y,88,4.16
Position2.xlsx,Sheet1,Position 2,Normal Person,Y,89,4.47
Position2.xlsx,Sheet1,Position 2,Normal Person,Y,90,4.2
Position2.xlsx,Sheet1,Position 2,Normal Person,Y,91,3.65
Position2.xlsx,Sheet1,Position 2,Normal Person,Y,92,3.77
Position2.xlsx,Sheet1,Position 2,Normal Person,Y,93,4.39
Position2.xlsx,Sheet1,Position 2,Normal Person,Y,94,3.69
Position2.xlsx,Sheet1,Position 2,Normal Person,Y,95,3.41
Position2.xlsx,Sheet1,Position 2,Normal Person,Y,96,4.16
Position2.xlsx,Sheet1,Position 2,Normal Person,Y,97,3.88
Position2.xlsx,Sheet1,Position 2,Normal Person,Y,98,4
Position2.xlsx,Sheet1,Position 2,Normal Person,Y,99,3.57
Position2.xlsx,Sheet1,Position 2,Normal Person,Y,100,3.84
Position2.xlsx,Sheet1,Position 2,Normal Person,Y,101,3.49
Position2.xlsx,Sheet1,Position 2,Normal Person,Y,102,3.14
Position2.xlsx,Sheet1,Position 2,Normal Person,Y,103,3.77
Position2.xlsx,Sheet1,Position 2,Normal Person,Y,104,3.49
Position2.xlsx,Sheet1,Position 2,Normal Person,Y,105,3.37
Position2.xlsx,Sheet1,Position 2,Normal Person,Y,106,3.49
Position2.xlsx,Sheet1,Position 2,Normal Person,Y,107,4.28
Position2.xlsx,Sheet1,Position 2,Normal Person,Y,108,3.96
Position2.xlsx,Sheet1,Position 2,Normal Person,Y,109,3.65
Position2.xlsx,Sheet1,Position 2,Normal Person,Y,110,3.84
Position2.xlsx,Sheet1,Position 2,Normal Person,Y,111,3.57
Position2.xlsx,Sheet1,Position 2,Normal Person,Y,112,3.22
Position2.xlsx,Sheet1,Position 2,Normal Person,Y,113,3.26
Position2.xlsx,Sheet1,Position 2,Normal Person,Y,114,3.65
Position2.xlsx,Sheet1,Position 2,Normal Person,Y,115,4.24
Position2.xlsx,Sheet1,Position 2,Normal Person,Y,116,4.28
Position2.xlsx,Sheet1,Position 2,Normal Person,Y,117,4.79
Position2.xlsx,Sheet1,Position 2,Normal Person,Y,118,4.35
Position2.xlsx,Sheet1,Position 2,Normal Person,Y,119,7.77
Position2.xlsx,Sheet1,Position 2,Normal Person,Y,120,7.96
Position2.xlsx,Sheet1,Position 2,Normal Person,Y,121,7.96
Position2.xlsx,Sheet1,Position 2,Normal Person,Y,122,7.49
Position2.xlsx,Sheet1,Position 2,Normal Person,Y,123,5.88
Position2.xlsx,Sheet1,Position 2,Normal Person,Y,124,5.49
Position2.xlsx,Sheet1,Position 2,Normal Person,Y,125,5.96
Position2.xlsx,Sheet1,Position 2,Normal Person,Y,126,5.49
Position2.xlsx,Sheet1,Position 2,Normal Person,Y,127,5.69
Position2.xlsx,Sheet1,Position 2,Normal Person,Y,128,5.96
Position2.xlsx,Sheet1,Position 2,Normal Person,Y,129,6.04
Position2.xlsx,Sheet1,Position 2,Normal Person,Y,130,6.63
Position2.xlsx,Sheet1,Position 2,Normal Person,Y,131,6.35
Position2.xlsx,Sheet1,Position 2,Normal Person,Y,132,7.22
Position2.xlsx,Sheet1,Position 2,Normal Person,Y,133,8.2
Position2.xlsx,Sheet1,Position 2,Normal Person,Y,134,6.79
Position2.xlsx,Sheet1,Position 2,Normal Person,Y,135,8.83
Position2.xlsx,Sheet1,Position 2,Normal Person,Y,136,6.24
Position2.xlsx,Sheet1,Position 2,Normal Person,Y,137,6.2
Position2.xlsx,Sheet1,Position 2,Normal Person,Y,138,3.73
Position2.xlsx,Sheet1,Position 2,Normal Person,Y,139,4.59
Position2.xlsx,Sheet1,Position 2,Normal Person,Y,140,3.77
Position2.xlsx,Sheet1,Position 2,Normal Person,Y,141,4.79
Position2.xlsx,Sheet1,Position 2,Normal Person,Y,142,4.59
Position2.xlsx,Sheet1,Position 2,Normal Person,Y,143,3.37
Position2.xlsx,Sheet1,Position 2,Normal Person,Y,144,8.08
Position2.xlsx,Sheet1,Position 2,Normal Person,Y,145,6.2
Position2.xlsx,Sheet1,Position 2,Normal Person,Y,146,4.98
Position2.xlsx,Sheet1,Position 2,Normal Person,Y,147,3.92
Position2.xlsx,Sheet1,Position 2,Normal Person,Y,148,4.47
Position2.xlsx,Sheet1,Position 2,Normal Person,Y,149,5.06
Position2.xlsx,Sheet1,Position 2,Normal Person,Y,150,4.59
Position2.xlsx,Sheet1,Position 2,Normal Person,Y,151,4.28
Position2.xlsx,Sheet1,Position 2,Normal Person,Y,152,4.82
Position2.xlsx,Sheet1,Position 2,Normal Person,Y,153,5.14
Position2.xlsx,Sheet1,Position 2,Normal Person,Y,154,4.59
Position2.xlsx,Sheet1,Position 2,Normal Person,Y,155,4.43
Position2.xlsx,Sheet1,Position 2,Normal Person,Y,156,4.51
Position2.xlsx,Sheet1,Position 2,Normal Person,Y,157,4.98
Position2.xlsx,Sheet1,Position 2,Normal Person,Y,158,4.9
Position2.xlsx,Sheet1,Position 2,Normal Person,Y,159,4.75
Position2.xlsx,Sheet1,Position 2,Normal Person,Y,160,4.82
Position2.xlsx,Sheet1,Position 2,Normal Person,Y,161,4.63
Position2.xlsx,Sheet1,Position 2,Normal Person,Y,162,5.18
Position2.xlsx,Sheet1,Position 2,Normal Person,Y,163,4.86
Position2.xlsx,Sheet1,Position 2,Normal Person,Y,164,5.14
Position2.xlsx,Sheet1,Position 2,Normal Person,Y,165,4.9
Position2.xlsx,Sheet1,Position 2,Normal Person,Y,166,4.79
Position2.xlsx,Sheet1,Position 2,Normal Person,Y,167,4.67
Position2.xlsx,Sheet1,Position 2,Normal Person,Y,168,5.02
Position2.xlsx,Sheet1,Position 2,Normal Person,Y,169,4.67
Position2.xlsx,Sheet1,Position 2,Normal Person,Y,170,5.06
Position2.xlsx,Sheet1,Position 2,Normal Person,Y,171,5.33
Position2.xlsx,Sheet1,Position 2,Normal Person,Y,172,4.82
Position2.xlsx,Sheet1,Position 2,Normal Person,Y,173,5.53
Position2.xlsx,Sheet1,Position 2,Normal Person,Y,174,5.14
Position2.xlsx,Sheet1,Position 2,Normal Person,Y,175,4.98
Position2.xlsx,Sheet1,Position 2,Normal Person,Y,176,5.18
Position2.xlsx,Sheet1,Position 2,Normal Person,Y,177,4.71
Position2.xlsx,Sheet1,Position 2,Normal Person,Y,178,4.86
Position2.xlsx,Sheet1,Position 2,Normal Person,Y,179,5.06
Position2.xlsx,Sheet1,Position 2,Normal Person,Y,180,5.96
Position2.xlsx,Sheet1,Position 2,Normal Person,Y,181,3.84
Position2.xlsx,Sheet1,Position 2,Normal Person,Y,182,3.8
Position2.xlsx,Sheet1,Position 2,Normal Person,Y,183,4.12
Position2.xlsx,Sheet1,Position 2,Normal Person,Y,184,3.73
Position2.xlsx,Sheet1,Position 2,Normal Person,Y,185,3.92
Position2.xlsx,Sheet1,Position 2,Normal Person,Y,186,3.73
Position2.xlsx,Sheet1,Position 2,Normal Person,Y,187,3.8
Position2.xlsx,Sheet1,Position 2,Normal Person,Y,188,3.61
Position2.xlsx,Sheet1,Position 2,Normal Person,Y,189,3.92
Position2.xlsx,Sheet1,Position 2,Normal Person,Y,190,3.96
Position2.xlsx,Sheet1,Position 2,Normal Person,Y,191,3.8
Position2.xlsx,Sheet1,Position 2,Normal Person,Y,192,3.73
Position2.xlsx,Sheet1,Position 2,Normal Person,Y,193,3.92
Position2.xlsx,Sheet1,Position 2,Normal Person,Y,194,3.84
Position2.xlsx,Sheet1,Position 2,Normal Person,Y,195,3.92
Position2.xlsx,Sheet1,Position 2,Normal Person,Y,196,3.41
Position2.xlsx,Sheet1,Position 2,Normal Person,Y,197,3.92
Position2.xlsx,Sheet1,Position 2,Normal Person,Y,198,3.77
Position2.xlsx,Sheet1,Position 2,Normal Person,Y,199,3.8
Position2.xlsx,Sheet1,Position 2,Normal Person,Y,200,3.53
Position2.xlsx,Sheet1,Position 2,Normal Person,Y,201,3.73
Position2.xlsx,Sheet1,Position 2,Normal Person,Y,202,3.69
Position2.xlsx,Sheet1,Position 2,Normal Person,Y,203,3.69
Position2.xlsx,Sheet1,Position 2,Normal Person,Y,204,3.69
Position2.xlsx,Sheet1,Position 2,Normal Person,Y,205,3.57
Position2.xlsx,Sheet1,Position 2,Normal Person,Y,206,3.77
Position2.xlsx,Sheet1,Position 2,Normal Person,Y,207,3.84
Position2.xlsx,Sheet1,Position 2,Normal Person,Y,208,3.77
Position2.xlsx,Sheet1,Position 2,Normal Person,Y,209,3.73
Position2.xlsx,Sheet1,Position 2,Normal Person,Y,210,3.84
Position2.xlsx,Sheet1,Position 2,Normal Person,Y,211,3.77
Position2.xlsx,Sheet1,Position 2,Normal Person,Y,212,3.69
Position2.xlsx,Sheet1,Position 2,Normal Person,Y,213,3.96
Position2.xlsx,Sheet1,Position 2,Normal Person,Y,214,3.92
Position2.xlsx,Sheet1,Position 2,Normal Person,Y,215,3.8
Position2.xlsx,Sheet1,Position 2,Normal Person,Y,216,3.8
Position2.xlsx,Sheet1,Position 2,Normal Person,Y,217,3.92
Position2.xlsx,Sheet1,Position 2,Normal Person,Y,218,3.77
Position2.xlsx,Sheet1,Position 2,Normal Person,Y,219,3.88
Position2.xlsx,Sheet1,Position 2,Normal Person,Y,220,3.77
Position2.xlsx,Sheet1,Position 2,Normal Person,Y,221,3.77
Position2.xlsx,Sheet1,Position 2,Normal Person,Y,222,3.96
Position2.xlsx,Sheet1,Position 2,Normal Person,Y,223,3.92
Position2.xlsx,Sheet1,Position 2,Normal Person,Y,224,3.96
Position2.xlsx,Sheet1,Position 2,Normal Person,Y,225,3.92
Position2.xlsx,Sheet1,Position 2,Normal Person,Y,226,3.92
Position2.xlsx,Sheet1,Position 2,Normal Person,Y,227,3.88
Position2.xlsx,Sheet1,Position 2,Normal Person,Y,228,3.96
Position2.xlsx,Sheet1,Position 2,Normal Person,Y,229,3.96
Position2.xlsx,Sheet1,Position 2,Normal Person,Y,230,3.96
Position2.xlsx,Sheet1,Position 2,Normal Person,Y,231,3.92
Position2.xlsx,Sheet1,Position 2,Normal Person,Y,232,3.92
Position2.xlsx,Sheet1,Position 2,Normal Person,Y,233,3.92
Position2.xlsx,Sheet1,Position 2,Normal Person,Y,234,3.96
Position2.xlsx,Sheet1,Position 2,Normal Person,Y,235,3.8
Position2.xlsx,Sheet1,Position 2,Normal Person,Y,236,3.92
Position2.xlsx,Sheet1,Position 2,Normal Person,Y,237,3.92
Position2.xlsx,Sheet1,Position 2,Normal Person,Y,238,3.88
Position2.xlsx,Sheet1,Position 2,Normal Person,Y,239,3.92
Position2.xlsx,Sheet1,Position 2,Normal Person,Y,240,3.88
Position2.xlsx,Sheet1,Position 2,Normal Person,Y,241,3.8
Position2.xlsx,Sheet1,Position 2,Normal Person,Y,242,3.96
Position2.xlsx,Sheet1,Position 2,Normal Person,Y,243,3.96
Position2.xlsx,Sheet1,Position 2,Normal Person,Y,244,3.88
Position2.xlsx,Sheet1,Position 2,Normal Person,Y,245,3.84
Position2.xlsx,Sheet1,Position 2,Normal Person,Y,246,3.92
Position2.xlsx,Sheet1,Position 2,Normal Person,Y,247,3.92
Position2.xlsx,Sheet1,Position 2,Normal Person,Y,248,3.84
Position2.xlsx,Sheet1,Position 2,Normal Person,Y,249,3.8
Position2.xlsx,Sheet1,Position 2,Normal Person,Y,250,4
Position2.xlsx,Sheet1,Position 2,Normal Person,Y,251,3.84
Position2.xlsx,Sheet1,Position 2,Normal Person,Y,252,3.92
Position2.xlsx,Sheet1,Position 2,Normal Person,Y,253,3.8
Position2.xlsx,Sheet1,Position 2,Normal Person,Y,254,3.84
Position2.xlsx,Sheet1,Position 2,Normal Person,Y,255,3.88
Position2.xlsx,Sheet1,Position 2,Normal Person,Y,256,3.8
Position2.xlsx,Sheet1,Position 2,Normal Person,Y,257,3.8
Position2.xlsx,Sheet1,Position 2,Normal Person,Z,1,11.89
Position2.xlsx,Sheet1,Position 2,Normal Person,Z,2,11.73
Position2.xlsx,Sheet1,Position 2,Normal Person,Z,3,11.96
Position2.xlsx,Sheet1,Position 2,Normal Person,Z,4,12.12
Position2.xlsx,Sheet1,Position 2,Normal Person,Z,5,11.89
Position2.xlsx,Sheet1,Position 2,Normal Person,Z,6,11.89
Position2.xlsx,Sheet1,Position 2,Normal Person,Z,7,11.92
Position2.xlsx,Sheet1,Position 2,Normal Person,Z,8,12.08
Position2.xlsx,Sheet1,Position 2,Normal Person,Z,9,12.08
Position2.xlsx,Sheet1,Position 2,Normal Person,Z,10,12.16
Position2.xlsx,Sheet1,Position 2,Normal Person,Z,11,11.85
Position2.xlsx,Sheet1,Position 2,Normal Person,Z,12,12
Position2.xlsx,Sheet1,Position 2,Normal Person,Z,13,11.89
Position2.xlsx,Sheet1,Position 2,Normal Person,Z,14,12.28
Position2.xlsx,Sheet1,Position 2,Normal Person,Z,15,12.16
Position2.xlsx,Sheet1,Position 2,Normal Person,Z,16,12.08
Position2.xlsx,Sheet1,Position 2,Normal Person,Z,17,11.92
Position2.xlsx,Sheet1,Position 2,Normal Person,Z,18,11.45
Position2.xlsx,Sheet1,Position 2,Normal Person,Z,19,12.08
Position2.xlsx,Sheet1,Position 2,Normal Person,Z,20,12.04
Position2.xlsx,Sheet1,Position 2,Normal Person,Z,21,11.96
Position2.xlsx,Sheet1,Position 2,Normal Person,Z,22,11.96
Position2.xlsx,Sheet1,Position 2,Normal Person,Z,23,11.92
Position2.xlsx,Sheet1,Position 2,Normal Person,Z,24,12.08
Position2.xlsx,Sheet1,Position 2,Normal Person,Z,25,11.92
Position2.xlsx,Sheet1,Position 2,Normal Person,Z,26,11.96
Position2.xlsx,Sheet1,Position 2,Normal Person,Z,27,12.04
Position2.xlsx,Sheet1,Position 2,Normal Person,Z,28,11.73
Position2.xlsx,Sheet1,Position 2,Normal Person,Z,29,11.65
Position2.xlsx,Sheet1,Position 2,Normal Person,Z,30,11.81
Position2.xlsx,Sheet1,Position 2,Normal Person,Z,31,12.28
Position2.xlsx,Sheet1,Position 2,Normal Person,Z,32,12.28
Position2.xlsx,Sheet1,Position 2,Normal Person,Z,33,12.12
Position2.xlsx,Sheet1,Position 2,Normal Person,Z,34,12
Position2.xlsx,Sheet1,Position 2,Normal Person,Z,35,11.92
Position2.xlsx,Sheet1,Position 2,Normal Person,Z,36,11.81
Position2.xlsx,Sheet1,Position 2,Normal Person,Z,37,12.04
Position2.xlsx,Sheet1,Position 2,Normal Person,Z,38,11.92
Position2.xlsx,Sheet1,Position 2,Normal Person,Z,39,12.08
Position2.xlsx,Sheet1,Position 2,Normal Person,Z,40,12
Position2.xlsx,Sheet1,Position 2,Normal Person,Z,41,12.2
Position2.xlsx,Sheet1,Position 2,Normal Person,Z,42,12.2
Position2.xlsx,Sheet1,Position 2,Normal Person,Z,43,11.96
Position2.xlsx,Sheet1,Position 2,Normal Person,Z,44,11.92
Position2.xlsx,Sheet1,Position 2,Normal Person,Z,45,12.08
Position2.xlsx,Sheet1,Position 2,Normal Person,Z,46,11.69
Position2.xlsx,Sheet1,Position 2,Normal Person,Z,47,12.12
Position2.xlsx,Sheet1,Position 2,Normal Person,Z,48,11.81
Position2.xlsx,Sheet1,Position 2,Normal Person,Z,49,12.24
Position2.xlsx,Sheet1,Position 2,Normal Person,Z,50,12.04
Position2.xlsx,Sheet1,Position 2,Normal Person,Z,51,12.24
Position2.xlsx,Sheet1,Position 2,Normal Person,Z,52,11.73
Position2.xlsx,Sheet1,Position 2,Normal Person,Z,53,12.94
Position2.xlsx,Sheet1,Position 2,Normal Person,Z,54,13.14
Position2.xlsx,Sheet1,Position 2,Normal Person,Z,55,12.24
Position2.xlsx,Sheet1,Position 2,Normal Person,Z,56,12.12
Position2.xlsx,Sheet1,Position 2,Normal Person,Z,57,11.61
Position2.xlsx,Sheet1,Position 2,Normal Person,Z,58,11.34
Position2.xlsx,Sheet1,Position 2,Normal Person,Z,59,11.45
Position2.xlsx,Sheet1,Position 2,Normal Person,Z,60,11.73
Position2.xlsx,Sheet1,Position 2,Normal Person,Z,61,12.2
Position2.xlsx,Sheet1,Position 2,Normal Person,Z,62,11.53
Position2.xlsx,Sheet1,Position 2,Normal Person,Z,63,11.45
Position2.xlsx,Sheet1,Position 2,Normal Person,Z,64,10.9
Position2.xlsx,Sheet1,Position 2,Normal Person,Z,65,11.61
Position2.xlsx,Sheet1,Position 2,Normal Person,Z,66,10.63
Position2.xlsx,Sheet1,Position 2,Normal Person,Z,67,11.14
Position2.xlsx,Sheet1,Position 2,Normal Person,Z,68,12.08
Position2.xlsx,Sheet1,Position 2,Normal Person,Z,69,13.26
Position2.xlsx,Sheet1,Position 2,Normal Person,Z,70,10.2
Position2.xlsx,Sheet1,Position 2,Normal Person,Z,71,11.45
Position2.xlsx,Sheet1,Position 2,Normal Person,Z,72,11.73
Position2.xlsx,Sheet1,Position 2,Normal Person,Z,73,11.18
Position2.xlsx,Sheet1,Position 2,Normal Person,Z,74,11.77
Position2.xlsx,Sheet1,Position 2,Normal Person,Z,75,11.14
Position2.xlsx,Sheet1,Position 2,Normal Person,Z,76,10.63
Position2.xlsx,Sheet1,Position 2,Normal Person,Z,77,10.28
Position2.xlsx,Sheet1,Position 2,Normal Person,Z,78,10.04
Position2.xlsx,Sheet1,Position 2,Normal Person,Z,79,10.79
Position2.xlsx,Sheet1,Position 2,Normal Person,Z,80,11.96
Position2.xlsx,Sheet1,Position 2,Normal Person,Z,81,12.28
Position2.xlsx,Sheet1,Position 2,Normal Person,Z,82,11.89
Position2.xlsx,Sheet1,Position 2,Normal Person,Z,83,10.94
Position2.xlsx,Sheet1,Position 2,Normal Person,Z,84,10.63
Position2.xlsx,Sheet1,Position 2,Normal Person,Z,85,11.14
Position2.xlsx,Sheet1,Position 2,Normal Person,Z,86,11.41
Position2.xlsx,Sheet1,Position 2,Normal Person,Z,87,11.26
Position2.xlsx,Sheet1,Position 2,Normal Person,Z,88,10.9
Position2.xlsx,Sheet1,Position 2,Normal Person,Z,89,10.94
Position2.xlsx,Sheet1,Position 2,Normal Person,Z,90,11.1
Position2.xlsx,Sheet1,Position 2,Normal Person,Z,91,11.18
Position2.xlsx,Sheet1,Position 2,Normal Person,Z,92,11.1
Position2.xlsx,Sheet1,Position 2,Normal Person,Z,93,11.3
Position2.xlsx,Sheet1,Position 2,Normal Person,Z,94,11.3
Position2.xlsx,Sheet1,Position 2,Normal Person,Z,95,11.14
Position2.xlsx,Sheet1,Position 2,Normal Person,Z,96,11.26
Position2.xlsx,Sheet1,Position 2,Normal Person,Z,97,11.22
Position2.xlsx,Sheet1,Position 2,Normal Person,Z,98,11.26
Position2.xlsx,Sheet1,Position 2,Normal Person,Z,99,11.02
Position2.xlsx,Sheet1,Position 2,Normal Person,Z,100,11.14
Position2.xlsx,Sheet1,Position 2,Normal Person,Z,101,11.14
Position2.xlsx,Sheet1,Position 2,Normal Person,Z,102,11.14
Position2.xlsx,Sheet1,Position 2,Normal Person,Z,103,11.57
Position2.xlsx,Sheet1,Position 2,Normal Person,Z,104,11.06
Position2.xlsx,Sheet1,Position 2,Normal Person,Z,105,11.06
Position2.xlsx,Sheet1,Position 2,Normal Person,Z,106,11.41
Position2.xlsx,Sheet1,Position 2,Normal Person,Z,107,11.02
Position2.xlsx,Sheet1,Position 2,Normal Person,Z,108,11.22
Position2.xlsx,Sheet1,Position 2,Normal Person,Z,109,11.38
Position2.xlsx,Sheet1,Position 2,Normal Person,Z,110,11.73
Position2.xlsx,Sheet1,Position 2,Normal Person,Z,111,11.38
Position2.xlsx,Sheet1,Position 2,Normal Person,Z,112,12.32
Position2.xlsx,Sheet1,Position 2,Normal Person,Z,113,11.53
Position2.xlsx,Sheet1,Position 2,Normal Person,Z,114,11.34
Position2.xlsx,Sheet1,Position 2,Normal Person,Z,115,11.1
Position2.xlsx,Sheet1,Position 2,Normal Person,Z,116,11.3
Position2.xlsx,Sheet1,Position 2,Normal Person,Z,117,11.18
Position2.xlsx,Sheet1,Position 2,Normal Person,Z,118,10.79
Position2.xlsx,Sheet1,Position 2,Normal Person,Z,119,10.12
Position2.xlsx,Sheet1,Position 2,Normal Person,Z,120,9.53
Position2.xlsx,Sheet1,Position 2,Normal Person,Z,121,9.81
Position2.xlsx,Sheet1,Position 2,Normal Person,Z,122,8.39
Position2.xlsx,Sheet1,Position 2,Normal Person,Z,123,7.73
Position2.xlsx,Sheet1,Position 2,Normal Person,Z,124,7.49
Position2.xlsx,Sheet1,Position 2,Normal Person,Z,125,8
Position2.xlsx,Sheet1,Position 2,Normal Person,Z,126,9.38
Position2.xlsx,Sheet1,Position 2,Normal Person,Z,127,8.75
Position2.xlsx,Sheet1,Position 2,Normal Person,Z,128,8.83
Position2.xlsx,Sheet1,Position 2,Normal Person,Z,129,9.3
Position2.xlsx,Sheet1,Position 2,Normal Person,Z,130,9.61
Position2.xlsx,Sheet1,Position 2,Normal Person,Z,131,10.12
Position2.xlsx,Sheet1,Position 2,Normal Person,Z,132,13.18
Position2.xlsx,Sheet1,Position 2,Normal Person,Z,133,9.45
Position2.xlsx,Sheet1,Position 2,Normal Person,Z,134,8.75
Position2.xlsx,Sheet1,Position 2,Normal Person,Z,135,6.39
Position2.xlsx,Sheet1,Position 2,Normal Person,Z,136,10.67
Position2.xlsx,Sheet1,Position 2,Normal Person,Z,137,10.9
Position2.xlsx,Sheet1,Position 2,Normal Person,Z,138,8.98
Position2.xlsx,Sheet1,Position 2,Normal Person,Z,139,9.57
Position2.xlsx,Sheet1,Position 2,Normal Person,Z,140,9.18
Position2.xlsx,Sheet1,Position 2,Normal Person,Z,141,12.79
Position2.xlsx,Sheet1,Position 2,Normal Person,Z,142,14.87
Position2.xlsx,Sheet1,Position 2,Normal Person,Z,143,9.69
Position2.xlsx,Sheet1,Position 2,Normal Person,Z,144,12.08
Position2.xlsx,Sheet1,Position 2,Normal Person,Z,145,9.34
Position2.xlsx,Sheet1,Position 2,Normal Person,Z,146,11.38
Position2.xlsx,Sheet1,Position 2,Normal Person,Z,147,12
Position2.xlsx,Sheet1,Position 2,Normal Person,Z,148,11.41
Position2.xlsx,Sheet1,Position 2,Normal Person,Z,149,10.71
Position2.xlsx,Sheet1,Position 2,Normal Person,Z,150,10.87
Position2.xlsx,Sheet1,Position 2,Normal Person,Z,151,11.14
Position2.xlsx,Sheet1,Position 2,Normal Person,Z,152,10.83
Position2.xlsx,Sheet1,Position 2,Normal Person,Z,153,10.55
Position2.xlsx,Sheet1,Position 2,Normal Person,Z,154,10.9
Position2.xlsx,Sheet1,Position 2,Normal Person,Z,155,10.87
Position2.xlsx,Sheet1,Position 2,Normal Person,Z,156,11.02
Position2.xlsx,Sheet1,Position 2,Normal Person,Z,157,10.75
Position2.xlsx,Sheet1,Position 2,Normal Person,Z,158,10.71
Position2.xlsx,Sheet1,Position 2,Normal Person,Z,159,10.9
Position2.xlsx,Sheet1,Position 2,Normal Person,Z,160,10.75
Position2.xlsx,Sheet1,Position 2,Normal Person,Z,161,10.79
Position2.xlsx,Sheet1,Position 2,Normal Person,Z,162,10.75
Position2.xlsx,Sheet1,Position 2,Normal Person,Z,163,10.83
Position2.xlsx,Sheet1,Position 2,Normal Person,Z,164,10.51
Position2.xlsx,Sheet1,Position 2,Normal Person,Z,165,10.63
Position2.xlsx,Sheet1,Position 2,Normal Person,Z,166,10.87
Position2.xlsx,Sheet1,Position 2,Normal Person,Z,167,10.9
Position2.xlsx,Sheet1,Position 2,Normal Person,Z,168,10.79
Position2.xlsx,Sheet1,Position 2,Normal Person,Z,169,10.9
Position2.xlsx,Sheet1,Position 2,Normal Person,Z,170,10.43
Position2.xlsx,Sheet1,Position 2,Normal Person,Z,171,10.47
Position2.xlsx,Sheet1,Position 2,Normal Person,Z,172,10.63
Position2.xlsx,Sheet1,Position 2,Normal Person,Z,173,10.32
Position2.xlsx,Sheet1,Position 2,Normal Person,Z,174,10.47
Position2.xlsx,Sheet1,Position 2,Normal Person,Z,175,10.75
Position2.xlsx,Sheet1,Position 2,Normal Person,Z,176,10.51
Position2.xlsx,Sheet1,Position 2,Normal Person,Z,177,10.55
Position2.xlsx,Sheet1,Position 2,Normal Person,Z,178,10.55
Position2.xlsx,Sheet1,Position 2,Normal Person,Z,179,10.55
Position2.xlsx,Sheet1,Position 2,Normal Person,Z,180,9.89
Position2.xlsx,Sheet1,Position 2,Normal Person,Z,181,11.1
Position2.xlsx,Sheet1,Position 2,Normal Person,Z,182,11.89
Position2.xlsx,Sheet1,Position 2,Normal Person,Z,183,10.98
Position2.xlsx,Sheet1,Position 2,Normal Person,Z,184,11.1
Position2.xlsx,Sheet1,Position 2,Normal Person,Z,185,11.06
Position2.xlsx,Sheet1,Position 2,Normal Person,Z,186,11.49
Position2.xlsx,Sheet1,Position 2,Normal Person,Z,187,11.34
Position2.xlsx,Sheet1,Position 2,Normal Person,Z,188,11.26
Position2.xlsx,Sheet1,Position 2,Normal Person,Z,189,11.38
Position2.xlsx,Sheet1,Position 2,Normal Person,Z,190,11.06
Position2.xlsx,Sheet1,Position 2,Normal Person,Z,191,11.22
Position2.xlsx,Sheet1,Position 2,Normal Person,Z,192,11.34
Position2.xlsx,Sheet1,Position 2,Normal Person,Z,193,11.3
Position2.xlsx,Sheet1,Position 2,Normal Person,Z,194,11.18
Position2.xlsx,Sheet1,Position 2,Normal Person,Z,195,11.34
Position2.xlsx,Sheet1,Position 2,Normal Person,Z,196,11.18
Position2.xlsx,Sheet1,Position 2,Normal Person,Z,197,11.22
Position2.xlsx,Sheet1,Position 2,Normal Person,Z,198,11.26
Position2.xlsx,Sheet1,Position 2,Normal Person,Z,199,11.22
Position2.xlsx,Sheet1,Position 2,Normal Person,Z,200,11.34
Position2.xlsx,Sheet1,Position 2,Normal Person,Z,201,11.3
Position2.xlsx,Sheet1,Position 2,Normal Person,Z,202,11.26
Position2.xlsx,Sheet1,Position 2,Normal Person,Z,203,11.34
Position2.xlsx,Sheet1,Position 2,Normal Person,Z,204,11.34
Position2.xlsx,Sheet1,Position 2,Normal Person,Z,205,11.18
Position2.xlsx,Sheet1,Position 2,Normal Person,Z,206,11.34
Position2.xlsx,Sheet1,Position 2,Normal Person,Z,207,11.26
Position2.xlsx,Sheet1,Position 2,Normal Person,Z,208,11.3
Position2.xlsx,Sheet1,Position 2,Normal Person,Z,209,11.3
Position2.xlsx,Sheet1,Position 2,Normal Person,Z,210,11.38
Position2.xlsx,Sheet1,Position 2,Normal Person,Z,211,11.34
Position2.xlsx,Sheet1,Position 2,Normal Person,Z,212,11.26
Position2.xlsx,Sheet1,Position 2,Normal Person,Z,213,11.3
Position2.xlsx,Sheet1,Position 2,Normal Person,Z,214,11.18
Position2.xlsx,Sheet1,Position 2,Normal Person,Z,215,11.26
Position2.xlsx,Sheet1,Position 2,Normal Person,Z,216,11.22
Position2.xlsx,Sheet1,Position 2,Normal Person,Z,217,11.18
Position2.xlsx,Sheet1,Position 2,Normal Person,Z,218,11.26
Position2.xlsx,Sheet1,Position 2,Normal Person,Z,219,11.22
Position2.xlsx,Sheet1,Position 2,Normal Person,Z,220,11.34
Position2.xlsx,Sheet1,Position 2,Normal Person,Z,221,11.26
Position2.xlsx,Sheet1,Position 2,Normal Person,Z,222,11.14
Position2.xlsx,Sheet1,Position 2,Normal Person,Z,223,11.22
Position2.xlsx,Sheet1,Position 2,Normal Person,Z,224,11.22
Position2.xlsx,Sheet1,Position 2,Normal Person,Z,225,11.22
Position2.xlsx,Sheet1,Position 2,Normal Person,Z,226,11.14
Position2.xlsx,Sheet1,Position 2,Normal Person,Z,227,11.18
Position2.xlsx,Sheet1,Position 2,Normal Person,Z,228,11.22
Position2.xlsx,Sheet1,Position 2,Normal Person,Z,229,11.3
Position2.xlsx,Sheet1,Position 2,Normal Person,Z,230,11.14
Position2.xlsx,Sheet1,Position 2,Normal Person,Z,231,11.18
Position2.xlsx,Sheet1,Position 2,Normal Person,Z,232,11.14
Position2.xlsx,Sheet1,Position 2,Normal Person,Z,233,11.14
Position2.xlsx,Sheet1,Position 2,Normal Person,Z,234,11.06
Position2.xlsx,Sheet1,Position 2,Normal Person,Z,235,11.18
Position2.xlsx,Sheet1,Position 2,Normal Person,Z,236,11.18
Position2.xlsx,Sheet1,Position 2,Normal Person,Z,237,11.26
Position2.xlsx,Sheet1,Position 2,Normal Person,Z,238,11.18
Position2.xlsx,Sheet1,Position 2,Normal Person,Z,239,11.22
Position2.xlsx,Sheet1,Position 2,Normal Person,Z,240,11.14
Position2.xlsx,Sheet1,Position 2,Normal Person,Z,241,11.18
Position2.xlsx,Sheet1,Position 2,Normal Person,Z,242,11.14
Position2.xlsx,Sheet1,Position 2,Normal Person,Z,243,11.34
Position2.xlsx,Sheet1,Position 2,Normal Person,Z,244,11.22
Position2.xlsx,Sheet1,Position 2,Normal Person,Z,245,11.26
Position2.xlsx,Sheet1,Position 2,Normal Person,Z,246,11.26
Position2.xlsx,Sheet1,Position 2,Normal Person,Z,247,11.14
Position2.xlsx,Sheet1,Position 2,Normal Person,Z,248,11.18
Position2.xlsx,Sheet1,Position 2,Normal Person,Z,249,11.41
Position2.xlsx,Sheet1,Position 2,Normal Person,Z,250,11.18
Position2.xlsx,Sheet1,Position 2,Normal Person,Z,251,11.14
Position2.xlsx,Sheet1,Position 2,Normal Person,Z,252,11.1
Position2.xlsx,Sheet1,Position 2,Normal Person,Z,253,11.18
Position2.xlsx,Sheet1,Position 2,Normal Person,Z,254,11.22
Position2.xlsx,Sheet1,Position 2,Normal Person,Z,255,11.18
Position2.xlsx,Sheet1,Position 2,Normal Person,Z,256,11.22
Position2.xlsx,Sheet1,Position 2,Normal Person,Z,257,11.3
Position2.xlsx,Sheet1,Position 2,Our Subject,X,1,-3.18
Position2.xlsx,Sheet1,Position 2,Our Subject,X,2,-3.3
Position2.xlsx,Sheet1,Position 2,Our Subject,X,3,-3.37
Position2.xlsx,Sheet1,Position 2,Our Subject,X,4,-3.37
Position2.xlsx,Sheet1,Position 2,Our Subject,X,5,-3.33
Position2.xlsx,Sheet1,Position 2,Our Subject,X,6,-3.3
Position2.xlsx,Sheet1,Position 2,Our Subject,X,7,-3.37
Position2.xlsx,Sheet1,Position 2,Our Subject,X,8,-3.41
Position2.xlsx,Sheet1,Position 2,Our Subject,X,9,-3.18
Position2.xlsx,Sheet1,Position 2,Our Subject,X,10,-3.53
Position2.xlsx,Sheet1,Position 2,Our Subject,X,11,-3.26
Position2.xlsx,Sheet1,Position 2,Our Subject,X,12,-3.26
Position2.xlsx,Sheet1,Position 2,Our Subject,X,13,-3.45
Position2.xlsx,Sheet1,Position 2,Our Subject,X,14,-3.41
Position2.xlsx,Sheet1,Position 2,Our Subject,X,15,-3.33
Position2.xlsx,Sheet1,Position 2,Our Subject,X,16,-3.33
Position2.xlsx,Sheet1,Position 2,Our Subject,X,17,-3.18
Position2.xlsx,Sheet1,Position 2,Our Subject,X,18,-3.65
Position2.xlsx,Sheet1,Position 2,Our Subject,X,19,-3.41
Position2.xlsx,Sheet1,Position 2,Our Subject,X,20,-3.49
Position2.xlsx,Sheet1,Position 2,Our Subject,X,21,-3.53
Position2.xlsx,Sheet1,Position 2,Our Subject,X,22,-3.14
Position2.xlsx,Sheet1,Position 2,Our Subject,X,23,-3.3
Position2.xlsx,Sheet1,Position 2,Our Subject,X,24,-3.69
Position2.xlsx,Sheet1,Position 2,Our Subject,X,25,-3.37
Position2.xlsx,Sheet1,Position 2,Our Subject,X,26,-3.49
Position2.xlsx,Sheet1,Position 2,Our Subject,X,27,0
Position2.xlsx,Sheet1,Position 2,Our Subject,X,28,-3.96
Position2.xlsx,Sheet1,Position 2,Our Subject,X,29,-3.3
Position2.xlsx,Sheet1,Position 2,Our Subject,X,30,-3.73
Position2.xlsx,Sheet1,Position 2,Our Subject,X,31,-4.55
Position2.xlsx,Sheet1,Position 2,Our Subject,X,32,-3.73
Position2.xlsx,Sheet1,Position 2,Our Subject,X,33,-4.12
Position2.xlsx,Sheet1,Position 2,Our Subject,X,34,-3.96
Position2.xlsx,Sheet1,Position 2,Our Subject,X,35,-2.31
Position2.xlsx,Sheet1,Position 2,Our Subject,X,36,-1.41
Position2.xlsx,Sheet1,Position 2,Our Subject,X,37,-2.39
Position2.xlsx,Sheet1,Position 2,Our Subject,X,38,-2.94
Position2.xlsx,Sheet1,Position 2,Our Subject,X,39,-4.43
Position2.xlsx,Sheet1,Position 2,Our Subject,X,40,-4.35
Position2.xlsx,Sheet1,Position 2,Our Subject,X,41,-4.86
Position2.xlsx,Sheet1,Position 2,Our Subject,X,42,-5.81
Position2.xlsx,Sheet1,Position 2,Our Subject,X,43,-5.3
Position2.xlsx,Sheet1,Position 2,Our Subject,X,44,-3.92
Position2.xlsx,Sheet1,Position 2,Our Subject,X,45,-3.92
Position2.xlsx,Sheet1,Position 2,Our Subject,X,46,-3.84
Position2.xlsx,Sheet1,Position 2,Our Subject,X,47,-3.3
Position2.xlsx,Sheet1,Position 2,Our Subject,X,48,-2.47
Position2.xlsx,Sheet1,Position 2,Our Subject,X,49,-1.88
Position2.xlsx,Sheet1,Position 2,Our Subject,X,50,-2.16
Position2.xlsx,Sheet1,Position 2,Our Subject,X,51,-3.3
Position2.xlsx,Sheet1,Position 2,Our Subject,X,52,-3.61
Position2.xlsx,Sheet1,Position 2,Our Subject,X,53,-3.37
Position2.xlsx,Sheet1,Position 2,Our Subject,X,54,-3.73
Position2.xlsx,Sheet1,Position 2,Our Subject,X,55,-4.24
Position2.xlsx,Sheet1,Position 2,Our Subject,X,56,-4.04
Position2.xlsx,Sheet1,Position 2,Our Subject,X,57,-4.63
Position2.xlsx,Sheet1,Position 2,Our Subject,X,58,-4.04
Position2.xlsx,Sheet1,Position 2,Our Subject,X,59,-1.14
Position2.xlsx,Sheet1,Position 2,Our Subject,X,60,-3.65
Position2.xlsx,Sheet1,Position 2,Our Subject,X,61,-3.65
Position2.xlsx,Sheet1,Position 2,Our Subject,X,62,-3.3
Position2.xlsx,Sheet1,Position 2,Our Subject,X,63,-3.49
Position2.xlsx,Sheet1,Position 2,Our Subject,X,64,-3.37
Position2.xlsx,Sheet1,Position 2,Our Subject,X,65,-3.41
Position2.xlsx,Sheet1,Position 2,Our Subject,X,66,-3.49
Position2.xlsx,Sheet1,Position 2,Our Subject,X,67,-3.41
Position2.xlsx,Sheet1,Position 2,Our Subject,X,68,-3.37
Position2.xlsx,Sheet1,Position 2,Our Subject,X,69,-3.49
Position2.xlsx,Sheet1,Position 2,Our Subject,X,70,-5.06
Position2.xlsx,Sheet1,Position 2,Our Subject,X,71,-3.41
Position2.xlsx,Sheet1,Position 2,Our Subject,X,72,-3.49
Position2.xlsx,Sheet1,Position 2,Our Subject,X,73,-3.33
Position2.xlsx,Sheet1,Position 2,Our Subject,X,74,-3.41
Position2.xlsx,Sheet1,Position 2,Our Subject,X,75,-3.49
Position2.xlsx,Sheet1,Position 2,Our Subject,X,76,-3.3
Position2.xlsx,Sheet1,Position 2,Our Subject,X,77,-3.77
Position2.xlsx,Sheet1,Position 2,Our Subject,X,78,-3.57
Position2.xlsx,Sheet1,Position 2,Our Subject,X,79,-3.61
Position2.xlsx,Sheet1,Position 2,Our Subject,X,80,-4.51
Position2.xlsx,Sheet1,Position 2,Our Subject,X,81,-3.73
Position2.xlsx,Sheet1,Position 2,Our Subject,X,82,-3.84
Position2.xlsx,Sheet1,Position 2,Our Subject,X,83,-4.67
Position2.xlsx,Sheet1,Position 2,Our Subject,X,84,-4.28
Position2.xlsx,Sheet1,Position 2,Our Subject,X,85,-4.2
Position2.xlsx,Sheet1,Position 2,Our Subject,X,86,-3.18
Position2.xlsx,Sheet1,Position 2,Our Subject,X,87,-2.31
Position2.xlsx,Sheet1,Position 2,Our Subject,X,88,-1.41
Position2.xlsx,Sheet1,Position 2,Our Subject,X,89,-2.79
Position2.xlsx,Sheet1,Position 2,Our Subject,X,90,-3.57
Position2.xlsx,Sheet1,Position 2,Our Subject,X,91,-3.84
Position2.xlsx,Sheet1,Position 2,Our Subject,X,92,-3.18
Position2.xlsx,Sheet1,Position 2,Our Subject,X,93,-3.84
Position2.xlsx,Sheet1,Position 2,Our Subject,X,94,-5.37
Position2.xlsx,Sheet1,Position 2,Our Subject,X,95,-6.12
Position2.xlsx,Sheet1,Position 2,Our Subject,X,96,-5.45
Position2.xlsx,Sheet1,Position 2,Our Subject,X,97,-4.43
Position2.xlsx,Sheet1,Position 2,Our Subject,X,98,-3.26
Position2.xlsx,Sheet1,Position 2,Our Subject,X,99,-3.65
Position2.xlsx,Sheet1,Position 2,Our Subject,X,100,-3.57
Position2.xlsx,Sheet1,Position 2,Our Subject,X,101,-3.37
Position2.xlsx,Sheet1,Position 2,Our Subject,X,102,-5.84
Position2.xlsx,Sheet1,Position 2,Our Subject,X,103,5.49
Position2.xlsx,Sheet1,Position 2,Our Subject,X,104,-4.55
Position2.xlsx,Sheet1,Position 2,Our Subject,X,105,-3.96
Position2.xlsx,Sheet1,Position 2,Our Subject,X,106,-3.84
Position2.xlsx,Sheet1,Position 2,Our Subject,X,107,-3.53
Position2.xlsx,Sheet1,Position 2,Our Subject,X,108,-3.61
Position2.xlsx,Sheet1,Position 2,Our Subject,X,109,-3.45
Position2.xlsx,Sheet1,Position 2,Our Subject,X,110,-3.41
Position2.xlsx,Sheet1,Position 2,Our Subject,X,111,-3.06
Position2.xlsx,Sheet1,Position 2,Our Subject,X,112,-3.65
Position2.xlsx,Sheet1,Position 2,Our Subject,X,113,-3.69
Position2.xlsx,Sheet1,Position 2,Our Subject,X,114,-3.45
Position2.xlsx,Sheet1,Position 2,Our Subject,X,115,-3.57
Position2.xlsx,Sheet1,Position 2,Our Subject,X,116,-3.65
Position2.xlsx,Sheet1,Position 2,Our Subject,X,117,-3.57
Position2.xlsx,Sheet1,Position 2,Our Subject,X,118,-3.53
Position2.xlsx,Sheet1,Position 2,Our Subject,X,119,-3.73
Position2.xlsx,Sheet1,Position 2,Our Subject,X,120,-3.57
Position2.xlsx,Sheet1,Position 2,Our Subject,X,121,-3.69
Position2.xlsx,Sheet1,Position 2,Our Subject,X,122,-3.65
Position2.xlsx,Sheet1,Position 2,Our Subject,X,123,-3.73
Position2.xlsx,Sheet1,Position 2,Our Subject,X,124,-3.77
Position2.xlsx,Sheet1,Position 2,Our Subject,X,125,-3.84
Position2.xlsx,Sheet1,Position 2,Our Subject,X,126,-3.61
Position2.xlsx,Sheet1,Position 2,Our Subject,X,127,-3.77
Position2.xlsx,Sheet1,Position 2,Our Subject,X,128,-2.67
Position2.xlsx,Sheet1,Position 2,Our Subject,X,129,-3.96
Position2.xlsx,Sheet1,Position 2,Our Subject,X,130,-4.04
Position2.xlsx,Sheet1,Position 2,Our Subject,X,131,-3.77
Position2.xlsx,Sheet1,Position 2,Our Subject,X,132,-3.88
Position2.xlsx,Sheet1,Position 2,Our Subject,X,133,-3.96
Position2.xlsx,Sheet1,Position 2,Our Subject,X,134,-4
Position2.xlsx,Sheet1,Position 2,Our Subject,X,135,-3.18
Position2.xlsx,Sheet1,Position 2,Our Subject,X,136,-3.84
Position2.xlsx,Sheet1,Position 2,Our Subject,X,137,-4.16
Position2.xlsx,Sheet1,Position 2,Our Subject,X,138,-4.35
Position2.xlsx,Sheet1,Position 2,Our Subject,X,139,-4.31
Position2.xlsx,Sheet1,Position 2,Our Subject,X,140,-4.31
Position2.xlsx,Sheet1,Position 2,Our Subject,X,141,-4.28
Position2.xlsx,Sheet1,Position 2,Our Subject,X,142,-5.22
Position2.xlsx,Sheet1,Position 2,Our Subject,X,143,-3.61
Position2.xlsx,Sheet1,Position 2,Our Subject,X,144,-2.47
Position2.xlsx,Sheet1,Position 2,Our Subject,X,145,-2.98
Position2.xlsx,Sheet1,Position 2,Our Subject,X,146,-3.14
Position2.xlsx,Sheet1,Position 2,Our Subject,X,147,-3.06
Position2.xlsx,Sheet1,Position 2,Our Subject,X,148,-3.37
Position2.xlsx,Sheet1,Position 2,Our Subject,X,149,-3.41
Position2.xlsx,Sheet1,Position 2,Our Subject,X,150,-4
Position2.xlsx,Sheet1,Position 2,Our Subject,X,151,-4.31
Position2.xlsx,Sheet1,Position 2,Our Subject,X,152,-4.28
Position2.xlsx,Sheet1,Position 2,Our Subject,X,153,-3.8
Position2.xlsx,Sheet1,Position 2,Our Subject,X,154,-3.45
Position2.xlsx,Sheet1,Position 2,Our Subject,X,155,-3.53
Position2.xlsx,Sheet1,Position 2,Our Subject,X,156,-3.73
Position2.xlsx,Sheet1,Position 2,Our Subject,X,157,-3.88
Position2.xlsx,Sheet1,Position 2,Our Subject,X,158,-3.92
Position2.xlsx,Sheet1,Position 2,Our Subject,X,159,-3.96
Position2.xlsx,Sheet1,Position 2,Our Subject,X,160,-3.84
Position2.xlsx,Sheet1,Position 2,Our Subject,X,161,-3.57
Position2.xlsx,Sheet1,Position 2,Our Subject,X,162,-3.53
Position2.xlsx,Sheet1,Position 2,Our Subject,X,163,-3.57
Position2.xlsx,Sheet1,Position 2,Our Subject,X,164,-2.82
Position2.xlsx,Sheet1,Position 2,Our Subject,X,165,-8.16
Position2.xlsx,Sheet1,Position 2,Our Subject,X,166,-6.94
Position2.xlsx,Sheet1,Position 2,Our Subject,X,167,-3.96
Position2.xlsx,Sheet1,Position 2,Our Subject,X,168,-4.04
Position2.xlsx,Sheet1,Position 2,Our Subject,X,169,-3.37
Position2.xlsx,Sheet1,Position 2,Our Subject,X,170,-3.77
Position2.xlsx,Sheet1,Position 2,Our Subject,X,171,-3.77
Position2.xlsx,Sheet1,Position 2,Our Subject,X,172,-3.49
Position2.xlsx,Sheet1,Position 2,Our Subject,X,173,-5.02
Position2.xlsx,Sheet1,Position 2,Our Subject,X,174,-3.22
Position2.xlsx,Sheet1,Position 2,Our Subject,X,175,-3.45
Position2.xlsx,Sheet1,Position 2,Our Subject,X,176,-3.8
Position2.xlsx,Sheet1,Position 2,Our Subject,X,177,-3.53
Position2.xlsx,Sheet1,Position 2,Our Subject,X,178,-3.45
Position2.xlsx,Sheet1,Position 2,Our Subject,X,179,-3.49
Position2.xlsx,Sheet1,Position 2,Our Subject,X,180,-3.41
Position2.xlsx,Sheet1,Position 2,Our Subject,X,181,-3.53
Position2.xlsx,Sheet1,Position 2,Our Subject,X,182,-3.73
Position2.xlsx,Sheet1,Position 2,Our Subject,X,183,-3.61
Position2.xlsx,Sheet1,Position 2,Our Subject,X,184,-3.37
Position2.xlsx,Sheet1,Position 2,Our Subject,X,185,-3.61
Position2.xlsx,Sheet1,Position 2,Our Subject,X,186,-3.49
Position2.xlsx,Sheet1,Position 2,Our Subject,X,187,-4.12
Position2.xlsx,Sheet1,Position 2,Our Subject,X,188,-3.3
Position2.xlsx,Sheet1,Position 2,Our Subject,X,189,-3.57
Position2.xlsx,Sheet1,Position 2,Our Subject,X,190,-4.86
Position2.xlsx,Sheet1,Position 2,Our Subject,X,191,-3.61
Position2.xlsx,Sheet1,Position 2,Our Subject,X,192,-3.41
Position2.xlsx,Sheet1,Position 2,Our Subject,X,193,-3.88
Position2.xlsx,Sheet1,Position 2,Our Subject,X,194,-4.51
Position2.xlsx,Sheet1,Position 2,Our Subject,X,195,-4.59
Position2.xlsx,Sheet1,Position 2,Our Subject,X,196,-2.94
Position2.xlsx,Sheet1,Position 2,Our Subject,X,197,-4.31
Position2.xlsx,Sheet1,Position 2,Our Subject,X,198,-1.84
Position2.xlsx,Sheet1,Position 2,Our Subject,X,199,-2.98
Position2.xlsx,Sheet1,Position 2,Our Subject,X,200,-2.79
Position2.xlsx,Sheet1,Position 2,Our Subject,X,201,-3.22
Position2.xlsx,Sheet1,Position 2,Our Subject,X,202,-3.3
Position2.xlsx,Sheet1,Position 2,Our Subject,X,203,-3.92
Position2.xlsx,Sheet1,Position 2,Our Subject,X,204,-4.98
Position2.xlsx,Sheet1,Position 2,Our Subject,X,205,-4.9
Position2.xlsx,Sheet1,Position 2,Our Subject,X,206,-5.33
Position2.xlsx,Sheet1,Position 2,Our Subject,X,207,-6.04
Position2.xlsx,Sheet1,Position 2,Our Subject,X,208,-6
Position2.xlsx,Sheet1,Position 2,Our Subject,X,209,-4.59
Position2.xlsx,Sheet1,Position 2,Our Subject,X,210,-3.88
Position2.xlsx,Sheet1,Position 2,Our Subject,X,211,-3.88
Position2.xlsx,Sheet1,Position 2,Our Subject,X,212,-2.75
Position2.xlsx,Sheet1,Position 2,Our Subject,X,213,-6.9
Position2.xlsx,Sheet1,Position 2,Our Subject,X,214,-0.9
Position2.xlsx,Sheet1,Position 2,Our Subject,X,215,-1.73
Position2.xlsx,Sheet1,Position 2,Our Subject,X,216,-5.3
Position2.xlsx,Sheet1,Position 2,Our Subject,X,217,-4.35
Position2.xlsx,Sheet1,Position 2,Our Subject,X,218,-4.39
Position2.xlsx,Sheet1,Position 2,Our Subject,X,219,-3.61
Position2.xlsx,Sheet1,Position 2,Our Subject,X,220,-3.73
Position2.xlsx,Sheet1,Position 2,Our Subject,X,221,-3.65
Position2.xlsx,Sheet1,Position 2,Our Subject,X,222,-3.1
Position2.xlsx,Sheet1,Position 2,Our Subject,X,223,-3.45
Position2.xlsx,Sheet1,Position 2,Our Subject,X,224,-3.3
Position2.xlsx,Sheet1,Position 2,Our Subject,X,225,-3.57
Position2.xlsx,Sheet1,Position 2,Our Subject,X,226,-3.45
Position2.xlsx,Sheet1,Position 2,Our Subject,X,227,-3.49
Position2.xlsx,Sheet1,Position 2,Our Subject,X,228,-3.49
Position2.xlsx,Sheet1,Position 2,Our Subject,X,229,-3.33
Position2.xlsx,Sheet1,Position 2,Our Subject,X,230,-3.49
Position2.xlsx,Sheet1,Position 2,Our Subject,X,231,-3.57
Position2.xlsx,Sheet1,Position 2,Our Subject,X,232,-3.53
Position2.xlsx,Sheet1,Position 2,Our Subject,X,233,-3.45
Position2.xlsx,Sheet1,Position 2,Our Subject,X,234,-3.61
Position2.xlsx,Sheet1,Position 2,Our Subject,X,235,-3.37
Position2.xlsx,Sheet1,Position 2,Our Subject,X,236,-3.26
Position2.xlsx,Sheet1,Position 2,Our Subject,X,237,-3.33
Position2.xlsx,Sheet1,Position 2,Our Subject,X,238,-5.02
Position2.xlsx,Sheet1,Position 2,Our Subject,X,239,-3.73
Position2.xlsx,Sheet1,Position 2,Our Subject,X,240,-4.28
Position2.xlsx,Sheet1,Position 2,Our Subject,X,241,-3.65
Position2.xlsx,Sheet1,Position 2,Our Subject,X,242,-3.53
Position2.xlsx,Sheet1,Position 2,Our Subject,X,243,-3.61
Position2.xlsx,Sheet1,Position 2,Our Subject,X,244,-3.77
Position2.xlsx,Sheet1,Position 2,Our Subject,X,245,-3.92
Position2.xlsx,Sheet1,Position 2,Our Subject,X,246,-3.61
Position2.xlsx,Sheet1,Position 2,Our Subject,X,247,-3.84
Position2.xlsx,Sheet1,Position 2,Our Subject,X,248,-4.16
Position2.xlsx,Sheet1,Position 2,Our Subject,X,249,-4.31
Position2.xlsx,Sheet1,Position 2,Our Subject,X,250,-5.92
Position2.xlsx,Sheet1,Position 2,Our Subject,X,251,-4.67
Position2.xlsx,Sheet1,Position 2,Our Subject,X,252,-0.24
Position2.xlsx,Sheet1,Position 2,Our Subject,X,253,-2.24
Position2.xlsx,Sheet1,Position 2,Our Subject,X,254,-2.98
Position2.xlsx,Sheet1,Position 2,Our Subject,X,255,-3.8
Position2.xlsx,Sheet1,Position 2,Our Subject,X,256,-3.92
Position2.xlsx,Sheet1,Position 2,Our Subject,X,257,-3.84
Position2.xlsx,Sheet1,Position 2,Our Subject,X,258,-5.06
Position2.xlsx,Sheet1,Position 2,Our Subject,X,259,-5.02
Position2.xlsx,Sheet1,Position 2,Our Subject,X,260,-5.84
Position2.xlsx,Sheet1,Position 2,Our Subject,Y,1,1.02
Position2.xlsx,Sheet1,Position 2,Our Subject,Y,2,0.67
Position2.xlsx,Sheet1,Position 2,Our Subject,Y,3,0.75
Position2.xlsx,Sheet1,Position 2,Our Subject,Y,4,0.71
Position2.xlsx,Sheet1,Position 2,Our Subject,Y,5,0.67
Position2.xlsx,Sheet1,Position 2,Our Subject,Y,6,0.63
Position2.xlsx,Sheet1,Position 2,Our Subject,Y,7,0.67
Position2.xlsx,Sheet1,Position 2,Our Subject,Y,8,0.47
Position2.xlsx,Sheet1,Position 2,Our Subject,Y,9,0.47
Position2.xlsx,Sheet1,Position 2,Our Subject,Y,10,0.94
Position2.xlsx,Sheet1,Position 2,Our Subject,Y,11,0.59
Position2.xlsx,Sheet1,Position 2,Our Subject,Y,12,0.63
Position2.xlsx,Sheet1,Position 2,Our Subject,Y,13,0.55
Position2.xlsx,Sheet1,Position 2,Our Subject,Y,14,0.47
Position2.xlsx,Sheet1,Position 2,Our Subject,Y,15,0.47
Position2.xlsx,Sheet1,Position 2,Our Subject,Y,16,0.39
Position2.xlsx,Sheet1,Position 2,Our Subject,Y,17,-0.04
Position2.xlsx,Sheet1,Position 2,Our Subject,Y,18,0.24
Position2.xlsx,Sheet1,Position 2,Our Subject,Y,19,0.55
Position2.xlsx,Sheet1,Position 2,Our Subject,Y,20,0.55
Position2.xlsx,Sheet1,Position 2,Our Subject,Y,21,0.39
Position2.xlsx,Sheet1,Position 2,Our Subject,Y,22,0.9
Position2.xlsx,Sheet1,Position 2,Our Subject,Y,23,-0.16
Position2.xlsx,Sheet1,Position 2,Our Subject,Y,24,-0.63
Position2.xlsx,Sheet1,Position 2,Our Subject,Y,25,-0.59
Position2.xlsx,Sheet1,Position 2,Our Subject,Y,26,-0.86
Position2.xlsx,Sheet1,Position 2,Our Subject,Y,27,-0.63
Position2.xlsx,Sheet1,Position 2,Our Subject,Y,28,-2.35
Position2.xlsx,Sheet1,Position 2,Our Subject,Y,29,-1.57
Position2.xlsx,Sheet1,Position 2,Our Subject,Y,30,-2
Position2.xlsx,Sheet1,Position 2,Our Subject,Y,31,-1.65
Position2.xlsx,Sheet1,Position 2,Our Subject,Y,32,-1.88
Position2.xlsx,Sheet1,Position 2,Our Subject,Y,33,-2
Position2.xlsx,Sheet1,Position 2,Our Subject,Y,34,-2.08
Position2.xlsx,Sheet1,Position 2,Our Subject,Y,35,1.61
Position2.xlsx,Sheet1,Position 2,Our Subject,Y,36,3.49
Position2.xlsx,Sheet1,Position 2,Our Subject,Y,37,3.61
Position2.xlsx,Sheet1,Position 2,Our Subject,Y,38,2.94
Position2.xlsx,Sheet1,Position 2,Our Subject,Y,39,0.59
Position2.xlsx,Sheet1,Position 2,Our Subject,Y,40,-0.67
Position2.xlsx,Sheet1,Position 2,Our Subject,Y,41,-0.86
Position2.xlsx,Sheet1,Position 2,Our Subject,Y,42,-1.96
Position2.xlsx,Sheet1,Position 2,Our Subject,Y,43,-2.12
Position2.xlsx,Sheet1,Position 2,Our Subject,Y,44,-1.65
Position2.xlsx,Sheet1,Position 2,Our Subject,Y,45,-2.67
Position2.xlsx,Sheet1,Position 2,Our Subject,Y,46,-2.55
Position2.xlsx,Sheet1,Position 2,Our Subject,Y,47,-2.04
Position2.xlsx,Sheet1,Position 2,Our Subject,Y,48,-2.59
Position2.xlsx,Sheet1,Position 2,Our Subject,Y,49,-20.08
Position2.xlsx,Sheet1,Position 2,Our Subject,Y,50,3.33
Position2.xlsx,Sheet1,Position 2,Our Subject,Y,51,0.51
Position2.xlsx,Sheet1,Position 2,Our Subject,Y,52,0.86
Position2.xlsx,Sheet1,Position 2,Our Subject,Y,53,0.94
Position2.xlsx,Sheet1,Position 2,Our Subject,Y,54,1.49
Position2.xlsx,Sheet1,Position 2,Our Subject,Y,55,0.24
Position2.xlsx,Sheet1,Position 2,Our Subject,Y,56,0.67
Position2.xlsx,Sheet1,Position 2,Our Subject,Y,57,0.55
Position2.xlsx,Sheet1,Position 2,Our Subject,Y,58,0.35
Position2.xlsx,Sheet1,Position 2,Our Subject,Y,59,-0.24
Position2.xlsx,Sheet1,Position 2,Our Subject,Y,60,0.82
Position2.xlsx,Sheet1,Position 2,Our Subject,Y,61,0.67
Position2.xlsx,Sheet1,Position 2,Our Subject,Y,62,0.71
Position2.xlsx,Sheet1,Position 2,Our Subject,Y,63,0.55
Position2.xlsx,Sheet1,Position 2,Our Subject,Y,64,5.49
Position2.xlsx,Sheet1,Position 2,Our Subject,Y,65,0.51
Position2.xlsx,Sheet1,Position 2,Our Subject,Y,66,0.39
Position2.xlsx,Sheet1,Position 2,Our Subject,Y,67,0.63
Position2.xlsx,Sheet1,Position 2,Our Subject,Y,68,0.51
Position2.xlsx,Sheet1,Position 2,Our Subject,Y,69,0.47
Position2.xlsx,Sheet1,Position 2,Our Subject,Y,70,0.43
Position2.xlsx,Sheet1,Position 2,Our Subject,Y,71,0.67
Position2.xlsx,Sheet1,Position 2,Our Subject,Y,72,0.75
Position2.xlsx,Sheet1,Position 2,Our Subject,Y,73,0.78
Position2.xlsx,Sheet1,Position 2,Our Subject,Y,74,0.59
Position2.xlsx,Sheet1,Position 2,Our Subject,Y,75,0.47
Position2.xlsx,Sheet1,Position 2,Our Subject,Y,76,0.35
Position2.xlsx,Sheet1,Position 2,Our Subject,Y,77,0.47
Position2.xlsx,Sheet1,Position 2,Our Subject,Y,78,0.35
Position2.xlsx,Sheet1,Position 2,Our Subject,Y,79,-0.67
Position2.xlsx,Sheet1,Position 2,Our Subject,Y,80,-0.63
Position2.xlsx,Sheet1,Position 2,Our Subject,Y,81,-0.94
Position2.xlsx,Sheet1,Position 2,Our Subject,Y,82,-1.8
Position2.xlsx,Sheet1,Position 2,Our Subject,Y,83,-2.16
Position2.xlsx,Sheet1,Position 2,Our Subject,Y,84,-1.69
Position2.xlsx,Sheet1,Position 2,Our Subject,Y,85,-3.37
Position2.xlsx,Sheet1,Position 2,Our Subject,Y,86,-0.31
Position2.xlsx,Sheet1,Position 2,Our Subject,Y,87,1.96
Position2.xlsx,Sheet1,Position 2,Our Subject,Y,88,2.47
Position2.xlsx,Sheet1,Position 2,Our Subject,Y,89,2.82
Position2.xlsx,Sheet1,Position 2,Our Subject,Y,90,2.31
Position2.xlsx,Sheet1,Position 2,Our Subject,Y,91,1.26
Position2.xlsx,Sheet1,Position 2,Our Subject,Y,92,0.67
Position2.xlsx,Sheet1,Position 2,Our Subject,Y,93,-1.1
Position2.xlsx,Sheet1,Position 2,Our Subject,Y,94,-1.49
Position2.xlsx,Sheet1,Position 2,Our Subject,Y,95,-2.35
Position2.xlsx,Sheet1,Position 2,Our Subject,Y,96,-1.33
Position2.xlsx,Sheet1,Position 2,Our Subject,Y,97,-0.51
Position2.xlsx,Sheet1,Position 2,Our Subject,Y,98,-0.47
Position2.xlsx,Sheet1,Position 2,Our Subject,Y,99,-0.35
Position2.xlsx,Sheet1,Position 2,Our Subject,Y,100,-1.96
Position2.xlsx,Sheet1,Position 2,Our Subject,Y,101,-3.53
Position2.xlsx,Sheet1,Position 2,Our Subject,Y,102,-16.44
Position2.xlsx,Sheet1,Position 2,Our Subject,Y,103,-0.35
Position2.xlsx,Sheet1,Position 2,Our Subject,Y,104,0.75
Position2.xlsx,Sheet1,Position 2,Our Subject,Y,105,1.02
Position2.xlsx,Sheet1,Position 2,Our Subject,Y,106,1.06
Position2.xlsx,Sheet1,Position 2,Our Subject,Y,107,1.06
Position2.xlsx,Sheet1,Position 2,Our Subject,Y,108,1.33
Position2.xlsx,Sheet1,Position 2,Our Subject,Y,109,1.14
Position2.xlsx,Sheet1,Position 2,Our Subject,Y,110,1.1
Position2.xlsx,Sheet1,Position 2,Our Subject,Y,111,2.08
Position2.xlsx,Sheet1,Position 2,Our Subject,Y,112,1.37
Position2.xlsx,Sheet1,Position 2,Our Subject,Y,113,1.02
Position2.xlsx,Sheet1,Position 2,Our Subject,Y,114,1.22
Position2.xlsx,Sheet1,Position 2,Our Subject,Y,115,0.86
Position2.xlsx,Sheet1,Position 2,Our Subject,Y,116,0.94
Position2.xlsx,Sheet1,Position 2,Our Subject,Y,117,1.18
Position2.xlsx,Sheet1,Position 2,Our Subject,Y,118,0.86
Position2.xlsx,Sheet1,Position 2,Our Subject,Y,119,0.86
Position2.xlsx,Sheet1,Position 2,Our Subject,Y,120,0.78
Position2.xlsx,Sheet1,Position 2,Our Subject,Y,121,0.82
Position2.xlsx,Sheet1,Position 2,Our Subject,Y,122,0.9
Position2.xlsx,Sheet1,Position 2,Our Subject,Y,123,0.82
Position2.xlsx,Sheet1,Position 2,Our Subject,Y,124,0.75
Position2.xlsx,Sheet1,Position 2,Our Subject,Y,125,0.78
Position2.xlsx,Sheet1,Position 2,Our Subject,Y,126,0.9
Position2.xlsx,Sheet1,Position 2,Our Subject,Y,127,0.86
Position2.xlsx,Sheet1,Position 2,Our Subject,Y,128,1.26
Position2.xlsx,Sheet1,Position 2,Our Subject,Y,129,0.55
Position2.xlsx,Sheet1,Position 2,Our Subject,Y,130,0.27
Position2.xlsx,Sheet1,Position 2,Our Subject,Y,131,0.04
Position2.xlsx,Sheet1,Position 2,Our Subject,Y,132,0.2
Position2.xlsx,Sheet1,Position 2,Our Subject,Y,133,-0.04
Position2.xlsx,Sheet1,Position 2,Our Subject,Y,134,-0.24
Position2.xlsx,Sheet1,Position 2,Our Subject,Y,135,0.51
Position2.xlsx,Sheet1,Position 2,Our Subject,Y,136,-0.67
Position2.xlsx,Sheet1,Position 2,Our Subject,Y,137,-0.31
Position2.xlsx,Sheet1,Position 2,Our Subject,Y,138,-0.59
Position2.xlsx,Sheet1,Position 2,Our Subject,Y,139,-0.78
Position2.xlsx,Sheet1,Position 2,Our Subject,Y,140,-1.22
Position2.xlsx,Sheet1,Position 2,Our Subject,Y,141,-2
Position2.xlsx,Sheet1,Position 2,Our Subject,Y,142,-2.47
Position2.xlsx,Sheet1,Position 2,Our Subject,Y,143,0.9
Position2.xlsx,Sheet1,Position 2,Our Subject,Y,144,1.61
Position2.xlsx,Sheet1,Position 2,Our Subject,Y,145,1.14
Position2.xlsx,Sheet1,Position 2,Our Subject,Y,146,0.75
Position2.xlsx,Sheet1,Position 2,Our Subject,Y,147,0.08
Position2.xlsx,Sheet1,Position 2,Our Subject,Y,148,-0.86
Position2.xlsx,Sheet1,Position 2,Our Subject,Y,149,-1.69
Position2.xlsx,Sheet1,Position 2,Our Subject,Y,150,-2.04
Position2.xlsx,Sheet1,Position 2,Our Subject,Y,151,-1.88
Position2.xlsx,Sheet1,Position 2,Our Subject,Y,152,-1.18
Position2.xlsx,Sheet1,Position 2,Our Subject,Y,153,0.27
Position2.xlsx,Sheet1,Position 2,Our Subject,Y,154,0.9
Position2.xlsx,Sheet1,Position 2,Our Subject,Y,155,0.82
Position2.xlsx,Sheet1,Position 2,Our Subject,Y,156,0.59
Position2.xlsx,Sheet1,Position 2,Our Subject,Y,157,0.55
Position2.xlsx,Sheet1,Position 2,Our Subject,Y,158,-0.16
Position2.xlsx,Sheet1,Position 2,Our Subject,Y,159,-0.04
Position2.xlsx,Sheet1,Position 2,Our Subject,Y,160,0
Position2.xlsx,Sheet1,Position 2,Our Subject,Y,161,0.16
Position2.xlsx,Sheet1,Position 2,Our Subject,Y,162,0.2
Position2.xlsx,Sheet1,Position 2,Our Subject,Y,163,-2.08
Position2.xlsx,Sheet1,Position 2,Our Subject,Y,164,-4.43
Position2.xlsx,Sheet1,Position 2,Our Subject,Y,165,-20.08
Position2.xlsx,Sheet1,Position 2,Our Subject,Y,166,1.57
Position2.xlsx,Sheet1,Position 2,Our Subject,Y,167,0.55
Position2.xlsx,Sheet1,Position 2,Our Subject,Y,168,1.02
Position2.xlsx,Sheet1,Position 2,Our Subject,Y,169,1.26
Position2.xlsx,Sheet1,Position 2,Our Subject,Y,170,1.45
Position2.xlsx,Sheet1,Position 2,Our Subject,Y,171,1.45
Position2.xlsx,Sheet1,Position 2,Our Subject,Y,172,0.98
Position2.xlsx,Sheet1,Position 2,Our Subject,Y,173,1.29
Position2.xlsx,Sheet1,Position 2,Our Subject,Y,174,1.41
Position2.xlsx,Sheet1,Position 2,Our Subject,Y,175,1.29
Position2.xlsx,Sheet1,Position 2,Our Subject,Y,176,0.39
Position2.xlsx,Sheet1,Position 2,Our Subject,Y,177,0.9
Position2.xlsx,Sheet1,Position 2,Our Subject,Y,178,0.78
Position2.xlsx,Sheet1,Position 2,Our Subject,Y,179,0.63
Position2.xlsx,Sheet1,Position 2,Our Subject,Y,180,0.75
Position2.xlsx,Sheet1,Position 2,Our Subject,Y,181,0.51
Position2.xlsx,Sheet1,Position 2,Our Subject,Y,182,0.59
Position2.xlsx,Sheet1,Position 2,Our Subject,Y,183,0.75
Position2.xlsx,Sheet1,Position 2,Our Subject,Y,184,1.02
Position2.xlsx,Sheet1,Position 2,Our Subject,Y,185,1.29
Position2.xlsx,Sheet1,Position 2,Our Subject,Y,186,0.71
Position2.xlsx,Sheet1,Position 2,Our Subject,Y,187,0.27
Position2.xlsx,Sheet1,Position 2,Our Subject,Y,188,0.9
Position2.xlsx,Sheet1,Position 2,Our Subject,Y,189,0.2
Position2.xlsx,Sheet1,Position 2,Our Subject,Y,190,1.06
Position2.xlsx,Sheet1,Position 2,Our Subject,Y,191,-0.04
Position2.xlsx,Sheet1,Position 2,Our Subject,Y,192,0.31
Position2.xlsx,Sheet1,Position 2,Our Subject,Y,193,0.2
Position2.xlsx,Sheet1,Position 2,Our Subject,Y,194,-0.75
Position2.xlsx,Sheet1,Position 2,Our Subject,Y,195,-1.37
Position2.xlsx,Sheet1,Position 2,Our Subject,Y,196,-1.8
Position2.xlsx,Sheet1,Position 2,Our Subject,Y,197,-2.63
Position2.xlsx,Sheet1,Position 2,Our Subject,Y,198,2.59
Position2.xlsx,Sheet1,Position 2,Our Subject,Y,199,2.59
Position2.xlsx,Sheet1,Position 2,Our Subject,Y,200,2.98
Position2.xlsx,Sheet1,Position 2,Our Subject,Y,201,3.06
Position2.xlsx,Sheet1,Position 2,Our Subject,Y,202,1.96
Position2.xlsx,Sheet1,Position 2,Our Subject,Y,203,0.35
Position2.xlsx,Sheet1,Position 2,Our Subject,Y,204,0.51
Position2.xlsx,Sheet1,Position 2,Our Subject,Y,205,0.59
Position2.xlsx,Sheet1,Position 2,Our Subject,Y,206,-0.59
Position2.xlsx,Sheet1,Position 2,Our Subject,Y,207,0.08
Position2.xlsx,Sheet1,Position 2,Our Subject,Y,208,0.2
Position2.xlsx,Sheet1,Position 2,Our Subject,Y,209,-0.35
Position2.xlsx,Sheet1,Position 2,Our Subject,Y,210,-1.57
Position2.xlsx,Sheet1,Position 2,Our Subject,Y,211,-2.71
Position2.xlsx,Sheet1,Position 2,Our Subject,Y,212,-4.63
Position2.xlsx,Sheet1,Position 2,Our Subject,Y,213,-20.08
Position2.xlsx,Sheet1,Position 2,Our Subject,Y,214,1.37
Position2.xlsx,Sheet1,Position 2,Our Subject,Y,215,1.06
Position2.xlsx,Sheet1,Position 2,Our Subject,Y,216,1.96
Position2.xlsx,Sheet1,Position 2,Our Subject,Y,217,1.02
Position2.xlsx,Sheet1,Position 2,Our Subject,Y,218,1.29
Position2.xlsx,Sheet1,Position 2,Our Subject,Y,219,1.53
Position2.xlsx,Sheet1,Position 2,Our Subject,Y,220,1.29
Position2.xlsx,Sheet1,Position 2,Our Subject,Y,221,1.29
Position2.xlsx,Sheet1,Position 2,Our Subject,Y,222,1.41
Position2.xlsx,Sheet1,Position 2,Our Subject,Y,223,1.57
Position2.xlsx,Sheet1,Position 2,Our Subject,Y,224,1.45
Position2.xlsx,Sheet1,Position 2,Our Subject,Y,225,0.98
Position2.xlsx,Sheet1,Position 2,Our Subject,Y,226,0.94
Position2.xlsx,Sheet1,Position 2,Our Subject,Y,227,1.06
Position2.xlsx,Sheet1,Position 2,Our Subject,Y,228,0.98
Position2.xlsx,Sheet1,Position 2,Our Subject,Y,229,1.18
Position2.xlsx,Sheet1,Position 2,Our Subject,Y,230,0.71
Position2.xlsx,Sheet1,Position 2,Our Subject,Y,231,0.78
Position2.xlsx,Sheet1,Position 2,Our Subject,Y,232,1.14
Position2.xlsx,Sheet1,Position 2,Our Subject,Y,233,0.75
Position2.xlsx,Sheet1,Position 2,Our Subject,Y,234,0.78
Position2.xlsx,Sheet1,Position 2,Our Subject,Y,235,0.94
Position2.xlsx,Sheet1,Position 2,Our Subject,Y,236,1.06
Position2.xlsx,Sheet1,Position 2,Our Subject,Y,237,0.86
Position2.xlsx,Sheet1,Position 2,Our Subject,Y,238,0.75
Position2.xlsx,Sheet1,Position 2,Our Subject,Y,239,0.51
Position2.xlsx,Sheet1,Position 2,Our Subject,Y,240,0.55
Position2.xlsx,Sheet1,Position 2,Our Subject,Y,241,0.12
Position2.xlsx,Sheet1,Position 2,Our Subject,Y,242,0.51
Position2.xlsx,Sheet1,Position 2,Our Subject,Y,243,0.35
Position2.xlsx,Sheet1,Position 2,Our Subject,Y,244,0.16
Position2.xlsx,Sheet1,Position 2,Our Subject,Y,245,0.08
Position2.xlsx,Sheet1,Position 2,Our Subject,Y,246,-0.31
Position2.xlsx,Sheet1,Position 2,Our Subject,Y,247,-0.2
Position2.xlsx,Sheet1,Position 2,Our Subject,Y,248,-0.59
Position2.xlsx,Sheet1,Position 2,Our Subject,Y,249,-0.86
Position2.xlsx,Sheet1,Position 2,Our Subject,Y,250,-1.37
Position2.xlsx,Sheet1,Position 2,Our Subject,Y,251,-2.55
Position2.xlsx,Sheet1,Position 2,Our Subject,Y,252,4.86
Position2.xlsx,Sheet1,Position 2,Our Subject,Y,253,4.04
Position2.xlsx,Sheet1,Position 2,Our Subject,Y,254,2.9
Position2.xlsx,Sheet1,Position 2,Our Subject,Y,255,2.2
Position2.xlsx,Sheet1,Position 2,Our Subject,Y,256,1.41
Position2.xlsx,Sheet1,Position 2,Our Subject,Y,257,0.98
Position2.xlsx,Sheet1,Position 2,Our Subject,Y,258,0.71
Position2.xlsx,Sheet1,Position 2,Our Subject,Y,259,0.43
Position2.xlsx,Sheet1,Position 2,Our Subject,Y,260,-0.27
Position2.xlsx,Sheet1,Position 2,Our Subject,Z,1,10.36
Position2.xlsx,Sheet1,Position 2,Our Subject,Z,2,10.12
Position2.xlsx,Sheet1,Position 2,Our Subject,Z,3,10.16
Position2.xlsx,Sheet1,Position 2,Our Subject,Z,4,10.16
Position2.xlsx,Sheet1,Position 2,Our Subject,Z,5,10.08
Position2.xlsx,Sheet1,Position 2,Our Subject,Z,6,10.16
Position2.xlsx,Sheet1,Position 2,Our Subject,Z,7,10.04
Position2.xlsx,Sheet1,Position 2,Our Subject,Z,8,10.28
Position2.xlsx,Sheet1,Position 2,Our Subject,Z,9,10.12
Position2.xlsx,Sheet1,Position 2,Our Subject,Z,10,9.96
Position2.xlsx,Sheet1,Position 2,Our Subject,Z,11,10.16
Position2.xlsx,Sheet1,Position 2,Our Subject,Z,12,10
Position2.xlsx,Sheet1,Position 2,Our Subject,Z,13,10.16
Position2.xlsx,Sheet1,Position 2,Our Subject,Z,14,10.12
Position2.xlsx,Sheet1,Position 2,Our Subject,Z,15,10.2
Position2.xlsx,Sheet1,Position 2,Our Subject,Z,16,10.16
Position2.xlsx,Sheet1,Position 2,Our Subject,Z,17,9.69
Position2.xlsx,Sheet1,Position 2,Our Subject,Z,18,10.71
Position2.xlsx,Sheet1,Position 2,Our Subject,Z,19,10
Position2.xlsx,Sheet1,Position 2,Our Subject,Z,20,10.16
Position2.xlsx,Sheet1,Position 2,Our Subject,Z,21,10.04
Position2.xlsx,Sheet1,Position 2,Our Subject,Z,22,10.12
Position2.xlsx,Sheet1,Position 2,Our Subject,Z,23,9.96
Position2.xlsx,Sheet1,Position 2,Our Subject,Z,24,10.4
Position2.xlsx,Sheet1,Position 2,Our Subject,Z,25,10.08
Position2.xlsx,Sheet1,Position 2,Our Subject,Z,26,10.12
Position2.xlsx,Sheet1,Position 2,Our Subject,Z,27,10.08
Position2.xlsx,Sheet1,Position 2,Our Subject,Z,28,10.28
Position2.xlsx,Sheet1,Position 2,Our Subject,Z,29,10.28
Position2.xlsx,Sheet1,Position 2,Our Subject,Z,30,20.04
Position2.xlsx,Sheet1,Position 2,Our Subject,Z,31,10.51
Position2.xlsx,Sheet1,Position 2,Our Subject,Z,32,10.75
Position2.xlsx,Sheet1,Position 2,Our Subject,Z,33,10
Position2.xlsx,Sheet1,Position 2,Our Subject,Z,34,10.47
Position2.xlsx,Sheet1,Position 2,Our Subject,Z,35,9.18
Position2.xlsx,Sheet1,Position 2,Our Subject,Z,36,10.2
Position2.xlsx,Sheet1,Position 2,Our Subject,Z,37,10.47
Position2.xlsx,Sheet1,Position 2,Our Subject,Z,38,10.47
Position2.xlsx,Sheet1,Position 2,Our Subject,Z,39,10.36
Position2.xlsx,Sheet1,Position 2,Our Subject,Z,40,10.71
Position2.xlsx,Sheet1,Position 2,Our Subject,Z,41,10
Position2.xlsx,Sheet1,Position 2,Our Subject,Z,42,8.55
Position2.xlsx,Sheet1,Position 2,Our Subject,Z,43,9.49
Position2.xlsx,Sheet1,Position 2,Our Subject,Z,44,9.96
Position2.xlsx,Sheet1,Position 2,Our Subject,Z,45,10
Position2.xlsx,Sheet1,Position 2,Our Subject,Z,46,10.83
Position2.xlsx,Sheet1,Position 2,Our Subject,Z,47,10.36
Position2.xlsx,Sheet1,Position 2,Our Subject,Z,48,9.45
Position2.xlsx,Sheet1,Position 2,Our Subject,Z,49,15.57
Position2.xlsx,Sheet1,Position 2,Our Subject,Z,50,6.12
Position2.xlsx,Sheet1,Position 2,Our Subject,Z,51,9.89
Position2.xlsx,Sheet1,Position 2,Our Subject,Z,52,9.96
Position2.xlsx,Sheet1,Position 2,Our Subject,Z,53,10.16
Position2.xlsx,Sheet1,Position 2,Our Subject,Z,54,10.63
Position2.xlsx,Sheet1,Position 2,Our Subject,Z,55,10.55
Position2.xlsx,Sheet1,Position 2,Our Subject,Z,56,9.77
Position2.xlsx,Sheet1,Position 2,Our Subject,Z,57,10.28
Position2.xlsx,Sheet1,Position 2,Our Subject,Z,58,9.53
Position2.xlsx,Sheet1,Position 2,Our Subject,Z,59,10.04
Position2.xlsx,Sheet1,Position 2,Our Subject,Z,60,10.2
Position2.xlsx,Sheet1,Position 2,Our Subject,Z,61,9.92
Position2.xlsx,Sheet1,Position 2,Our Subject,Z,62,10.08
Position2.xlsx,Sheet1,Position 2,Our Subject,Z,63,10.12
Position2.xlsx,Sheet1,Position 2,Our Subject,Z,64,10.04
Position2.xlsx,Sheet1,Position 2,Our Subject,Z,65,10
Position2.xlsx,Sheet1,Position 2,Our Subject,Z,66,10.08
Position2.xlsx,Sheet1,Position 2,Our Subject,Z,67,10.08
Position2.xlsx,Sheet1,Position 2,Our Subject,Z,68,10.08
Position2.xlsx,Sheet1,Position 2,Our Subject,Z,69,10.08
Position2.xlsx,Sheet1,Position 2,Our Subject,Z,70,9.38
Position2.xlsx,Sheet1,Position 2,Our Subject,Z,71,10.12
Position2.xlsx,Sheet1,Position 2,Our Subject,Z,72,10.16
Position2.xlsx,Sheet1,Position 2,Our Subject,Z,73,10.12
Position2.xlsx,Sheet1,Position 2,Our Subject,Z,74,9.65
Position2.xlsx,Sheet1,Position 2,Our Subject,Z,75,10.47
Position2.xlsx,Sheet1,Position 2,Our Subject,Z,76,9.81
Position2.xlsx,Sheet1,Position 2,Our Subject,Z,77,10.12
Position2.xlsx,Sheet1,Position 2,Our Subject,Z,78,10.28
Position2.xlsx,Sheet1,Position 2,Our Subject,Z,79,9.96
Position2.xlsx,Sheet1,Position 2,Our Subject,Z,80,9.89
Position2.xlsx,Sheet1,Position 2,Our Subject,Z,81,10.16
Position2.xlsx,Sheet1,Position 2,Our Subject,Z,82,10.08
Position2.xlsx,Sheet1,Position 2,Our Subject,Z,83,10.28
Position2.xlsx,Sheet1,Position 2,Our Subject,Z,84,11.85
Position2.xlsx,Sheet1,Position 2,Our Subject,Z,85,10.67
Position2.xlsx,Sheet1,Position 2,Our Subject,Z,86,10.24
Position2.xlsx,Sheet1,Position 2,Our Subject,Z,87,10.28
Position2.xlsx,Sheet1,Position 2,Our Subject,Z,88,11.1
Position2.xlsx,Sheet1,Position 2,Our Subject,Z,89,10.59
Position2.xlsx,Sheet1,Position 2,Our Subject,Z,90,10.12
Position2.xlsx,Sheet1,Position 2,Our Subject,Z,91,10.83
Position2.xlsx,Sheet1,Position 2,Our Subject,Z,92,10.36
Position2.xlsx,Sheet1,Position 2,Our Subject,Z,93,10.04
Position2.xlsx,Sheet1,Position 2,Our Subject,Z,94,10.2
Position2.xlsx,Sheet1,Position 2,Our Subject,Z,95,9.26
Position2.xlsx,Sheet1,Position 2,Our Subject,Z,96,9.96
Position2.xlsx,Sheet1,Position 2,Our Subject,Z,97,10.28
Position2.xlsx,Sheet1,Position 2,Our Subject,Z,98,9.77
Position2.xlsx,Sheet1,Position 2,Our Subject,Z,99,10.16
Position2.xlsx,Sheet1,Position 2,Our Subject,Z,100,10.08
Position2.xlsx,Sheet1,Position 2,Our Subject,Z,101,10.16
Position2.xlsx,Sheet1,Position 2,Our Subject,Z,102,8.67
Position2.xlsx,Sheet1,Position 2,Our Subject,Z,103,1.37
Position2.xlsx,Sheet1,Position 2,Our Subject,Z,104,8
Position2.xlsx,Sheet1,Position 2,Our Subject,Z,105,9.1
Position2.xlsx,Sheet1,Position 2,Our Subject,Z,106,9.96
Position2.xlsx,Sheet1,Position 2,Our Subject,Z,107,10.04
Position2.xlsx,Sheet1,Position 2,Our Subject,Z,108,9.85
Position2.xlsx,Sheet1,Position 2,Our Subject,Z,109,10.2
Position2.xlsx,Sheet1,Position 2,Our Subject,Z,110,10.28
Position2.xlsx,Sheet1,Position 2,Our Subject,Z,111,10.94
Position2.xlsx,Sheet1,Position 2,Our Subject,Z,112,9.65
Position2.xlsx,Sheet1,Position 2,Our Subject,Z,113,9.65
Position2.xlsx,Sheet1,Position 2,Our Subject,Z,114,9.92
Position2.xlsx,Sheet1,Position 2,Our Subject,Z,115,10.32
Position2.xlsx,Sheet1,Position 2,Our Subject,Z,116,9.85
Position2.xlsx,Sheet1,Position 2,Our Subject,Z,117,10.04
Position2.xlsx,Sheet1,Position 2,Our Subject,Z,118,10.04
Position2.xlsx,Sheet1,Position 2,Our Subject,Z,119,9.96
Position2.xlsx,Sheet1,Position 2,Our Subject,Z,120,10
Position2.xlsx,Sheet1,Position 2,Our Subject,Z,121,10.04
Position2.xlsx,Sheet1,Position 2,Our Subject,Z,122,10
Position2.xlsx,Sheet1,Position 2,Our Subject,Z,123,9.96
Position2.xlsx,Sheet1,Position 2,Our Subject,Z,124,10.08
Position2.xlsx,Sheet1,Position 2,Our Subject,Z,125,9.96
Position2.xlsx,Sheet1,Position 2,Our Subject,Z,126,10
Position2.xlsx,Sheet1,Position 2,Our Subject,Z,127,9.92
Position2.xlsx,Sheet1,Position 2,Our Subject,Z,128,9.14
Position2.xlsx,Sheet1,Position 2,Our Subject,Z,129,9.96
Position2.xlsx,Sheet1,Position 2,Our Subject,Z,130,9.89
Position2.xlsx,Sheet1,Position 2,Our Subject,Z,131,9.89
Position2.xlsx,Sheet1,Position 2,Our Subject,Z,132,10.04
Position2.xlsx,Sheet1,Position 2,Our Subject,Z,133,10.04
Position2.xlsx,Sheet1,Position 2,Our Subject,Z,134,10.04
Position2.xlsx,Sheet1,Position 2,Our Subject,Z,135,10.36
Position2.xlsx,Sheet1,Position 2,Our Subject,Z,136,9.69
Position2.xlsx,Sheet1,Position 2,Our Subject,Z,137,9.85
Position2.xlsx,Sheet1,Position 2,Our Subject,Z,138,9.65
Position2.xlsx,Sheet1,Position 2,Our Subject,Z,139,9.96
Position2.xlsx,Sheet1,Position 2,Our Subject,Z,140,9.96
Position2.xlsx,Sheet1,Position 2,Our Subject,Z,141,10.24
Position2.xlsx,Sheet1,Position 2,Our Subject,Z,142,10.83
Position2.xlsx,Sheet1,Position 2,Our Subject,Z,143,11.49
Position2.xlsx,Sheet1,Position 2,Our Subject,Z,144,10.2
Position2.xlsx,Sheet1,Position 2,Our Subject,Z,145,10.2
Position2.xlsx,Sheet1,Position 2,Our Subject,Z,146,10.94
Position2.xlsx,Sheet1,Position 2,Our Subject,Z,147,10.36
Position2.xlsx,Sheet1,Position 2,Our Subject,Z,148,10.43
Position2.xlsx,Sheet1,Position 2,Our Subject,Z,149,10.71
Position2.xlsx,Sheet1,Position 2,Our Subject,Z,150,9.96
Position2.xlsx,Sheet1,Position 2,Our Subject,Z,151,10.36
Position2.xlsx,Sheet1,Position 2,Our Subject,Z,152,10.04
Position2.xlsx,Sheet1,Position 2,Our Subject,Z,153,9.85
Position2.xlsx,Sheet1,Position 2,Our Subject,Z,154,9.92
Position2.xlsx,Sheet1,Position 2,Our Subject,Z,155,9.96
Position2.xlsx,Sheet1,Position 2,Our Subject,Z,156,9.92
Position2.xlsx,Sheet1,Position 2,Our Subject,Z,157,10.2
Position2.xlsx,Sheet1,Position 2,Our Subject,Z,158,10.2
Position2.xlsx,Sheet1,Position 2,Our Subject,Z,159,10.16
Position2.xlsx,Sheet1,Position 2,Our Subject,Z,160,10.4
Position2.xlsx,Sheet1,Position 2,Our Subject,Z,161,10.12
Position2.xlsx,Sheet1,Position 2,Our Subject,Z,162,9.02
Position2.xlsx,Sheet1,Position 2,Our Subject,Z,163,9.3
Position2.xlsx,Sheet1,Position 2,Our Subject,Z,164,9.14
Position2.xlsx,Sheet1,Position 2,Our Subject,Z,165,8.43
Position2.xlsx,Sheet1,Position 2,Our Subject,Z,166,15.77
Position2.xlsx,Sheet1,Position 2,Our Subject,Z,167,10.08
Position2.xlsx,Sheet1,Position 2,Our Subject,Z,168,10.16
Position2.xlsx,Sheet1,Position 2,Our Subject,Z,169,9.65
Position2.xlsx,Sheet1,Position 2,Our Subject,Z,170,10.24
Position2.xlsx,Sheet1,Position 2,Our Subject,Z,171,10.12
Position2.xlsx,Sheet1,Position 2,Our Subject,Z,172,9.92
Position2.xlsx,Sheet1,Position 2,Our Subject,Z,173,9.73
Position2.xlsx,Sheet1,Position 2,Our Subject,Z,174,9.96
Position2.xlsx,Sheet1,Position 2,Our Subject,Z,175,10.16
Position2.xlsx,Sheet1,Position 2,Our Subject,Z,176,9.96
Position2.xlsx,Sheet1,Position 2,Our Subject,Z,177,10.08
Position2.xlsx,Sheet1,Position 2,Our Subject,Z,178,10
Position2.xlsx,Sheet1,Position 2,Our Subject,Z,179,10.2
Position2.xlsx,Sheet1,Position 2,Our Subject,Z,180,10.04
Position2.xlsx,Sheet1,Position 2,Our Subject,Z,181,10.12
Position2.xlsx,Sheet1,Position 2,Our Subject,Z,182,9.96
Position2.xlsx,Sheet1,Position 2,Our Subject,Z,183,10.28
Position2.xlsx,Sheet1,Position 2,Our Subject,Z,184,10.12
Position2.xlsx,Sheet1,Position 2,Our Subject,Z,185,10.59
Position2.xlsx,Sheet1,Position 2,Our Subject,Z,186,10.04
Position2.xlsx,Sheet1,Position 2,Our Subject,Z,187,9.65
Position2.xlsx,Sheet1,Position 2,Our Subject,Z,188,10.12
Position2.xlsx,Sheet1,Position 2,Our Subject,Z,189,8.24
Position2.xlsx,Sheet1,Position 2,Our Subject,Z,190,10.12
Position2.xlsx,Sheet1,Position 2,Our Subject,Z,191,10.08
Position2.xlsx,Sheet1,Position 2,Our Subject,Z,192,10.59
Position2.xlsx,Sheet1,Position 2,Our Subject,Z,193,10.24
Position2.xlsx,Sheet1,Position 2,Our Subject,Z,194,10.79
Position2.xlsx,Sheet1,Position 2,Our Subject,Z,195,9.89
Position2.xlsx,Sheet1,Position 2,Our Subject,Z,196,11.34
Position2.xlsx,Sheet1,Position 2,Our Subject,Z,197,9.77
Position2.xlsx,Sheet1,Position 2,Our Subject,Z,198,11.06
Position2.xlsx,Sheet1,Position 2,Our Subject,Z,199,10.75
Position2.xlsx,Sheet1,Position 2,Our Subject,Z,200,10.4
Position2.xlsx,Sheet1,Position 2,Our Subject,Z,201,10.43
Position2.xlsx,Sheet1,Position 2,Our Subject,Z,202,11.02
Position2.xlsx,Sheet1,Position 2,Our Subject,Z,203,10.43
Position2.xlsx,Sheet1,Position 2,Our Subject,Z,204,10.04
Position2.xlsx,Sheet1,Position 2,Our Subject,Z,205,9.41
Position2.xlsx,Sheet1,Position 2,Our Subject,Z,206,10.32
Position2.xlsx,Sheet1,Position 2,Our Subject,Z,207,7.65
Position2.xlsx,Sheet1,Position 2,Our Subject,Z,208,9.65
Position2.xlsx,Sheet1,Position 2,Our Subject,Z,209,10.43
Position2.xlsx,Sheet1,Position 2,Our Subject,Z,210,10.12
Position2.xlsx,Sheet1,Position 2,Our Subject,Z,211,8.63
Position2.xlsx,Sheet1,Position 2,Our Subject,Z,212,8.98
Position2.xlsx,Sheet1,Position 2,Our Subject,Z,213,8.94
Position2.xlsx,Sheet1,Position 2,Our Subject,Z,214,9.14
Position2.xlsx,Sheet1,Position 2,Our Subject,Z,215,9.89
Position2.xlsx,Sheet1,Position 2,Our Subject,Z,216,8.28
Position2.xlsx,Sheet1,Position 2,Our Subject,Z,217,11.49
Position2.xlsx,Sheet1,Position 2,Our Subject,Z,218,9.02
Position2.xlsx,Sheet1,Position 2,Our Subject,Z,219,10.2
Position2.xlsx,Sheet1,Position 2,Our Subject,Z,220,10.47
Position2.xlsx,Sheet1,Position 2,Our Subject,Z,221,9.61
Position2.xlsx,Sheet1,Position 2,Our Subject,Z,222,9.81
Position2.xlsx,Sheet1,Position 2,Our Subject,Z,223,10.4
Position2.xlsx,Sheet1,Position 2,Our Subject,Z,224,10.08
Position2.xlsx,Sheet1,Position 2,Our Subject,Z,225,10
Position2.xlsx,Sheet1,Position 2,Our Subject,Z,226,10.08
Position2.xlsx,Sheet1,Position 2,Our Subject,Z,227,10
Position2.xlsx,Sheet1,Position 2,Our Subject,Z,228,10.16
Position2.xlsx,Sheet1,Position 2,Our Subject,Z,229,10
Position2.xlsx,Sheet1,Position 2,Our Subject,Z,230,10
Position2.xlsx,Sheet1,Position 2,Our Subject,Z,231,10.08
Position2.xlsx,Sheet1,Position 2,Our Subject,Z,232,9.92
Position2.xlsx,Sheet1,Position 2,Our Subject,Z,233,10.12
Position2.xlsx,Sheet1,Position 2,Our Subject,Z,234,10.04
Position2.xlsx,Sheet1,Position 2,Our Subject,Z,235,10
Position2.xlsx,Sheet1,Position 2,Our Subject,Z,236,10.12
Position2.xlsx,Sheet1,Position 2,Our Subject,Z,237,9.92
Position2.xlsx,Sheet1,Position 2,Our Subject,Z,238,9.41
Position2.xlsx,Sheet1,Position 2,Our Subject,Z,239,10.32
Position2.xlsx,Sheet1,Position 2,Our Subject,Z,240,10.16
Position2.xlsx,Sheet1,Position 2,Our Subject,Z,241,10.08
Position2.xlsx,Sheet1,Position 2,Our Subject,Z,242,9.49
Position2.xlsx,Sheet1,Position 2,Our Subject,Z,243,10.04
Position2.xlsx,Sheet1,Position 2,Our Subject,Z,244,10.12
Position2.xlsx,Sheet1,Position 2,Our Subject,Z,245,10.12
Position2.xlsx,Sheet1,Position 2,Our Subject,Z,246,10.4
Position2.xlsx,Sheet1,Position 2,Our Subject,Z,247,10.16
Position2.xlsx,Sheet1,Position 2,Our Subject,Z,248,10.28
Position2.xlsx,Sheet1,Position 2,Our Subject,Z,249,10.4
Position2.xlsx,Sheet1,Position 2,Our Subject,Z,250,11.06
Position2.xlsx,Sheet1,Position 2,Our Subject,Z,251,10.63
Position2.xlsx,Sheet1,Position 2,Our Subject,Z,252,10.55
Position2.xlsx,Sheet1,Position 2,Our Subject,Z,253,10.43
Position2.xlsx,Sheet1,Position 2,Our Subject,Z,254,11.02
Position2.xlsx,Sheet1,Position 2,Our Subject,Z,255,10.94
Position2.xlsx,Sheet1,Position 2,Our Subject,Z,256,10.83
Position2.xlsx,Sheet1,Position 2,Our Subject,Z,257,10.71
Position2.xlsx,Sheet1,Position 2,Our Subject,Z,258,9.69
Position2.xlsx,Sheet1,Position 2,Our Subject,Z,259,9.57
Position2.xlsx,Sheet1,Position 2,Our Subject,Z,260,8.94
Position2.xlsx,Sheet1,Position 2,E- leg,X,1,-7.85
Position2.xlsx,Sheet1,Position 2,E- leg,X,2,-7.85
Position2.xlsx,Sheet1,Position 2,E- leg,X,3,-7.85
Position2.xlsx,Sheet1,Position 2,E- leg,X,4,-7.85
Position2.xlsx,Sheet1,Position 2,E- leg,X,5,-4.75
Position2.xlsx,Sheet1,Position 2,E- leg,X,6,-5.02
Position2.xlsx,Sheet1,Position 2,E- leg,X,7,-5.06
Position2.xlsx,Sheet1,Position 2,E- leg,X,8,-5.84
Position2.xlsx,Sheet1,Position 2,E- leg,X,9,-6.79
Position2.xlsx,Sheet1,Position 2,E- leg,X,10,-7.53
Position2.xlsx,Sheet1,Position 2,E- leg,X,11,-7.92
Position2.xlsx,Sheet1,Position 2,E- leg,X,12,-7.69
Position2.xlsx,Sheet1,Position 2,E- leg,X,13,-7.06
Position2.xlsx,Sheet1,Position 2,E- leg,X,14,-6.79
Position2.xlsx,Sheet1,Position 2,E- leg,X,15,-7.06
Position2.xlsx,Sheet1,Position 2,E- leg,X,16,-7.77
Position2.xlsx,Sheet1,Position 2,E- leg,X,17,-9.18
Position2.xlsx,Sheet1,Position 2,E- leg,X,18,-4.12
Position2.xlsx,Sheet1,Position 2,E- leg,X,19,-7.26
Position2.xlsx,Sheet1,Position 2,E- leg,X,20,-6.55
Position2.xlsx,Sheet1,Position 2,E- leg,X,21,-6.86
Position2.xlsx,Sheet1,Position 2,E- leg,X,22,-7.14
Position2.xlsx,Sheet1,Position 2,E- leg,X,23,-7.02
Position2.xlsx,Sheet1,Position 2,E- leg,X,24,-6.98
Position2.xlsx,Sheet1,Position 2,E- leg,X,25,-6.9
Position2.xlsx,Sheet1,Position 2,E- leg,X,26,-6.9
Position2.xlsx,Sheet1,Position 2,E- leg,X,27,-7.02
Position2.xlsx,Sheet1,Position 2,E- leg,X,28,-7.1
Position2.xlsx,Sheet1,Position 2,E- leg,X,29,-7.3
Position2.xlsx,Sheet1,Position 2,E- leg,X,30,-7.22
Position2.xlsx,Sheet1,Position 2,E- leg,X,31,-7.26
Position2.xlsx,Sheet1,Position 2,E- leg,X,32,-7.53
Position2.xlsx,Sheet1,Position 2,E- leg,X,33,-7.45
Position2.xlsx,Sheet1,Position 2,E- leg,X,34,-7.49
Position2.xlsx,Sheet1,Position 2,E- leg,X,35,-7.49
Position2.xlsx,Sheet1,Position 2,E- leg,X,36,-7.53
Position2.xlsx,Sheet1,Position 2,E- leg,X,37,-7.69
Position2.xlsx,Sheet1,Position 2,E- leg,X,38,-7.69
Position2.xlsx,Sheet1,Position 2,E- leg,X,39,-7.85
Position2.xlsx,Sheet1,Position 2,E- leg,X,40,-7.61
Position2.xlsx,Sheet1,Position 2,E- leg,X,41,-7.69
Position2.xlsx,Sheet1,Position 2,E- leg,X,42,-8.71
Position2.xlsx,Sheet1,Position 2,E- leg,X,43,-8.08
Position2.xlsx,Sheet1,Position 2,E- leg,X,44,-8.24
Position2.xlsx,Sheet1,Position 2,E- leg,X,45,-8.51
Position2.xlsx,Sheet1,Position 2,E- leg,X,46,-8.71
Position2.xlsx,Sheet1,Position 2,E- leg,X,47,-9.22
Position2.xlsx,Sheet1,Position 2,E- leg,X,48,-9.41
Position2.xlsx,Sheet1,Position 2,E- leg,X,49,-8.75
Position2.xlsx,Sheet1,Position 2,E- leg,X,50,-6.94
Position2.xlsx,Sheet1,Position 2,E- leg,X,51,-4.28
Position2.xlsx,Sheet1,Position 2,E- leg,X,52,-5.41
Position2.xlsx,Sheet1,Position 2,E- leg,X,53,-5.53
Position2.xlsx,Sheet1,Position 2,E- leg,X,54,-6.12
Position2.xlsx,Sheet1,Position 2,E- leg,X,55,-7.57
Position2.xlsx,Sheet1,Position 2,E- leg,X,56,-8.9
Position2.xlsx,Sheet1,Position 2,E- leg,X,57,-9.26
Position2.xlsx,Sheet1,Position 2,E- leg,X,58,-9.22
Position2.xlsx,Sheet1,Position 2,E- leg,X,59,-9.02
Position2.xlsx,Sheet1,Position 2,E- leg,X,60,-8.63
Position2.xlsx,Sheet1,Position 2,E- leg,X,61,-8.9
Position2.xlsx,Sheet1,Position 2,E- leg,X,62,-8.9
Position2.xlsx,Sheet1,Position 2,E- leg,X,63,-8.51
Position2.xlsx,Sheet1,Position 2,E- leg,X,64,-8
Position2.xlsx,Sheet1,Position 2,E- leg,X,65,-8.2
Position2.xlsx,Sheet1,Position 2,E- leg,X,66,-13.81
Position2.xlsx,Sheet1,Position 2,E- leg,X,67,-6.47
Position2.xlsx,Sheet1,Position 2,E- leg,X,68,-7.73
Position2.xlsx,Sheet1,Position 2,E- leg,X,69,-6.75
Position2.xlsx,Sheet1,Position 2,E- leg,X,70,-6.9
Position2.xlsx,Sheet1,Position 2,E- leg,X,71,-7.14
Position2.xlsx,Sheet1,Position 2,E- leg,X,72,-7.14
Position2.xlsx,Sheet1,Position 2,E- leg,X,73,-7.02
Position2.xlsx,Sheet1,Position 2,E- leg,X,74,-7.26
Position2.xlsx,Sheet1,Position 2,E- leg,X,75,-7.22
Position2.xlsx,Sheet1,Position 2,E- leg,X,76,-7.41
Position2.xlsx,Sheet1,Position 2,E- leg,X,77,-7.34
Position2.xlsx,Sheet1,Position 2,E- leg,X,78,-7.18
Position2.xlsx,Sheet1,Position 2,E- leg,X,79,-7.3
Position2.xlsx,Sheet1,Position 2,E- leg,X,80,-7.26
Position2.xlsx,Sheet1,Position 2,E- leg,X,81,-7.26
Position2.xlsx,Sheet1,Position 2,E- leg,X,82,-7.37
Position2.xlsx,Sheet1,Position 2,E- leg,X,83,-7.22
Position2.xlsx,Sheet1,Position 2,E- leg,X,84,-7.61
Position2.xlsx,Sheet1,Position 2,E- leg,X,85,-6.2
Position2.xlsx,Sheet1,Position 2,E- leg,X,86,-7.18
Position2.xlsx,Sheet1,Position 2,E- leg,X,87,-9.45
Position2.xlsx,Sheet1,Position 2,E- leg,X,88,-7.41
Position2.xlsx,Sheet1,Position 2,E- leg,X,89,-7.49
Position2.xlsx,Sheet1,Position 2,E- leg,X,90,-8
Position2.xlsx,Sheet1,Position 2,E- leg,X,91,-7.85
Position2.xlsx,Sheet1,Position 2,E- leg,X,92,-7.88
Position2.xlsx,Sheet1,Position 2,E- leg,X,93,-8.04
Position2.xlsx,Sheet1,Position 2,E- leg,X,94,-7.85
Position2.xlsx,Sheet1,Position 2,E- leg,X,95,-7.77
Position2.xlsx,Sheet1,Position 2,E- leg,X,96,-7.18
Position2.xlsx,Sheet1,Position 2,E- leg,X,97,-7.3
Position2.xlsx,Sheet1,Position 2,E- leg,X,98,-7.02
Position2.xlsx,Sheet1,Position 2,E- leg,X,99,-7.22
Position2.xlsx,Sheet1,Position 2,E- leg,X,100,-7.3
Position2.xlsx,Sheet1,Position 2,E- leg,X,101,-6.79
Position2.xlsx,Sheet1,Position 2,E- leg,X,102,-7.45
Position2.xlsx,Sheet1,Position 2,E- leg,X,103,-7.22
Position2.xlsx,Sheet1,Position 2,E- leg,X,104,-6.86
Position2.xlsx,Sheet1,Position 2,E- leg,X,105,-6.47
Position2.xlsx,Sheet1,Position 2,E- leg,X,106,-6.9
Position2.xlsx,Sheet1,Position 2,E- leg,X,107,-7.53
Position2.xlsx,Sheet1,Position 2,E- leg,X,108,-8.08
Position2.xlsx,Sheet1,Position 2,E- leg,X,109,-9.26
Position2.xlsx,Sheet1,Position 2,E- leg,X,110,-7.3
Position2.xlsx,Sheet1,Position 2,E- leg,X,111,-6.55
Position2.xlsx,Sheet1,Position 2,E- leg,X,112,-6.55
Position2.xlsx,Sheet1,Position 2,E- leg,X,113,-7.41
Position2.xlsx,Sheet1,Position 2,E- leg,X,114,-7.34
Position2.xlsx,Sheet1,Position 2,E- leg,X,115,-7.02
Position2.xlsx,Sheet1,Position 2,E- leg,X,116,-7.06
Position2.xlsx,Sheet1,Position 2,E- leg,X,117,-7.34
Position2.xlsx,Sheet1,Position 2,E- leg,X,118,-7.3
Position2.xlsx,Sheet1,Position 2,E- leg,X,119,-7.22
Position2.xlsx,Sheet1,Position 2,E- leg,X,120,-7.45
Position2.xlsx,Sheet1,Position 2,E- leg,X,121,-7.41
Position2.xlsx,Sheet1,Position 2,E- leg,X,122,-7.26
Position2.xlsx,Sheet1,Position 2,E- leg,X,123,-7.26
Position2.xlsx,Sheet1,Position 2,E- leg,X,124,-7.37
Position2.xlsx,Sheet1,Position 2,E- leg,X,125,-7.49
Position2.xlsx,Sheet1,Position 2,E- leg,X,126,-7.45
Position2.xlsx,Sheet1,Position 2,E- leg,X,127,-7.49
Position2.xlsx,Sheet1,Position 2,E- leg,X,128,-7.45
Position2.xlsx,Sheet1,Position 2,E- leg,X,129,-7.34
Position2.xlsx,Sheet1,Position 2,E- leg,X,130,-7.45
Position2.xlsx,Sheet1,Position 2,E- leg,X,131,-7.37
Position2.xlsx,Sheet1,Position 2,E- leg,X,132,-7.18
Position2.xlsx,Sheet1,Position 2,E- leg,X,133,-7.1
Position2.xlsx,Sheet1,Position 2,E- leg,X,134,-7.06
Position2.xlsx,Sheet1,Position 2,E- leg,X,135,-6.9
Position2.xlsx,Sheet1,Position 2,E- leg,X,136,-6.98
Position2.xlsx,Sheet1,Position 2,E- leg,X,137,-6.79
Position2.xlsx,Sheet1,Position 2,E- leg,X,138,-7.02
Position2.xlsx,Sheet1,Position 2,E- leg,X,139,-6.98
Position2.xlsx,Sheet1,Position 2,E- leg,X,140,-6.9
Position2.xlsx,Sheet1,Position 2,E- leg,X,141,-7.1
Position2.xlsx,Sheet1,Position 2,E- leg,X,142,-6.94
Position2.xlsx,Sheet1,Position 2,E- leg,X,143,-6.83
Position2.xlsx,Sheet1,Position 2,E- leg,X,144,-6.79
Position2.xlsx,Sheet1,Position 2,E- leg,X,145,-7.26
Position2.xlsx,Sheet1,Position 2,E- leg,X,146,-6.55
Position2.xlsx,Sheet1,Position 2,E- leg,X,147,-6.59
Position2.xlsx,Sheet1,Position 2,E- leg,X,148,-6.51
Position2.xlsx,Sheet1,Position 2,E- leg,X,149,-6.83
Position2.xlsx,Sheet1,Position 2,E- leg,X,150,-6.47
Position2.xlsx,Sheet1,Position 2,E- leg,X,151,-6.86
Position2.xlsx,Sheet1,Position 2,E- leg,X,152,-6.59
Position2.xlsx,Sheet1,Position 2,E- leg,X,153,-6.51
Position2.xlsx,Sheet1,Position 2,E- leg,X,154,-6.24
Position2.xlsx,Sheet1,Position 2,E- leg,X,155,-6.28
Position2.xlsx,Sheet1,Position 2,E- leg,X,156,-6.39
Position2.xlsx,Sheet1,Position 2,E- leg,X,157,-6.51
Position2.xlsx,Sheet1,Position 2,E- leg,X,158,-6.47
Position2.xlsx,Sheet1,Position 2,E- leg,X,159,-6.51
Position2.xlsx,Sheet1,Position 2,E- leg,X,160,-6.51
Position2.xlsx,Sheet1,Position 2,E- leg,X,161,-6.51
Position2.xlsx,Sheet1,Position 2,E- leg,X,162,-6.63
Position2.xlsx,Sheet1,Position 2,E- leg,X,163,-6.67
Position2.xlsx,Sheet1,Position 2,E- leg,X,164,-6.59
Position2.xlsx,Sheet1,Position 2,E- leg,X,165,-6.63
Position2.xlsx,Sheet1,Position 2,E- leg,X,166,-6.63
Position2.xlsx,Sheet1,Position 2,E- leg,X,167,-6.67
Position2.xlsx,Sheet1,Position 2,E- leg,X,168,-6.63
Position2.xlsx,Sheet1,Position 2,E- leg,X,169,-6.67
Position2.xlsx,Sheet1,Position 2,E- leg,X,170,-6.67
Position2.xlsx,Sheet1,Position 2,E- leg,X,171,-6.67
Position2.xlsx,Sheet1,Position 2,E- leg,X,172,-6.59
Position2.xlsx,Sheet1,Position 2,E- leg,X,173,-6.71
Position2.xlsx,Sheet1,Position 2,E- leg,X,174,-6.67
Position2.xlsx,Sheet1,Position 2,E- leg,X,175,-6.67
Position2.xlsx,Sheet1,Position 2,E- leg,X,176,-6.63
Position2.xlsx,Sheet1,Position 2,E- leg,X,177,-6.59
Position2.xlsx,Sheet1,Position 2,E- leg,X,178,-6.59
Position2.xlsx,Sheet1,Position 2,E- leg,X,179,-6.63
Position2.xlsx,Sheet1,Position 2,E- leg,X,180,-6.63
Position2.xlsx,Sheet1,Position 2,E- leg,X,181,-6.59
Position2.xlsx,Sheet1,Position 2,E- leg,X,182,-6.63
Position2.xlsx,Sheet1,Position 2,E- leg,X,183,-6.55
Position2.xlsx,Sheet1,Position 2,E- leg,X,184,-6.63
Position2.xlsx,Sheet1,Position 2,E- leg,X,185,-6.63
Position2.xlsx,Sheet1,Position 2,E- leg,X,186,-6.67
Position2.xlsx,Sheet1,Position 2,E- leg,X,187,-6.67
Position2.xlsx,Sheet1,Position 2,E- leg,X,188,-6.63
Position2.xlsx,Sheet1,Position 2,E- leg,X,189,-6.67
Position2.xlsx,Sheet1,Position 2,E- leg,X,190,-6.67
Position2.xlsx,Sheet1,Position 2,E- leg,X,191,-6.59
Position2.xlsx,Sheet1,Position 2,E- leg,X,192,-6.67
Position2.xlsx,Sheet1,Position 2,E- leg,X,193,-6.67
Position2.xlsx,Sheet1,Position 2,E- leg,X,194,-6.63
Position2.xlsx,Sheet1,Position 2,E- leg,X,195,-6.67
Position2.xlsx,Sheet1,Position 2,E- leg,X,196,-6.59
Position2.xlsx,Sheet1,Position 2,E- leg,X,197,-6.63
Position2.xlsx,Sheet1,Position 2,E- leg,X,198,-6.59
Position2.xlsx,Sheet1,Position 2,E- leg,X,199,-6.67
Position2.xlsx,Sheet1,Position 2,E- leg,X,200,-6.63
Position2.xlsx,Sheet1,Position 2,E- leg,X,201,-6.59
Position2.xlsx,Sheet1,Position 2,E- leg,X,202,-6.51
Position2.xlsx,Sheet1,Position 2,E- leg,X,203,-6.63
Position2.xlsx,Sheet1,Position 2,E- leg,X,204,-6.67
Position2.xlsx,Sheet1,Position 2,E- leg,X,205,-6.59
Position2.xlsx,Sheet1,Position 2,E- leg,X,206,-6.67
Position2.xlsx,Sheet1,Position 2,E- leg,X,207,-6.59
Position2.xlsx,Sheet1,Position 2,E- leg,X,208,-6.59
Position2.xlsx,Sheet1,Position 2,E- leg,X,209,-6.59
Position2.xlsx,Sheet1,Position 2,E- leg,X,210,-6.63
Position2.xlsx,Sheet1,Position 2,E- leg,X,211,-6.63
Position2.xlsx,Sheet1,Position 2,E- leg,X,212,-6.63
Position2.xlsx,Sheet1,Position 2,E- leg,X,213,-6.67
Position2.xlsx,Sheet1,Position 2,E- leg,X,214,-6.59
Position2.xlsx,Sheet1,Position 2,E- leg,X,215,-6.55
Position2.xlsx,Sheet1,Position 2,E- leg,X,216,-6.47
Position2.xlsx,Sheet1,Position 2,E- leg,X,217,-6.55
Position2.xlsx,Sheet1,Position 2,E- leg,X,218,-6.59
Position2.xlsx,Sheet1,Position 2,E- leg,X,219,-6.55
Position2.xlsx,Sheet1,Position 2,E- leg,X,220,-6.55
Position2.xlsx,Sheet1,Position 2,E- leg,X,221,-6.55
Position2.xlsx,Sheet1,Position 2,E- leg,X,222,-6.51
Position2.xlsx,Sheet1,Position 2,E- leg,X,223,-6.59
Position2.xlsx,Sheet1,Position 2,E- leg,X,224,-6.59
Position2.xlsx,Sheet1,Position 2,E- leg,X,225,-6.67
Position2.xlsx,Sheet1,Position 2,E- leg,X,226,-6.63
Position2.xlsx,Sheet1,Position 2,E- leg,X,227,-6.59
Position2.xlsx,Sheet1,Position 2,E- leg,X,228,-6.59
Position2.xlsx,Sheet1,Position 2,E- leg,X,229,-6.59
Position2.xlsx,Sheet1,Position 2,E- leg,X,230,-6.55
Position2.xlsx,Sheet1,Position 2,E- leg,X,231,-6.55
Position2.xlsx,Sheet1,Position 2,E- leg,X,232,-6.55
Position2.xlsx,Sheet1,Position 2,E- leg,X,233,-6.59
Position2.xlsx,Sheet1,Position 2,E- leg,X,234,-6.59
Position2.xlsx,Sheet1,Position 2,E- leg,X,235,-6.55
Position2.xlsx,Sheet1,Position 2,E- leg,X,236,-6.59
Position2.xlsx,Sheet1,Position 2,E- leg,X,237,-6.51
Position2.xlsx,Sheet1,Position 2,E- leg,X,238,-6.63
Position2.xlsx,Sheet1,Position 2,E- leg,X,239,-6.55
Position2.xlsx,Sheet1,Position 2,E- leg,X,240,-6.55
Position2.xlsx,Sheet1,Position 2,E- leg,X,241,-6.55
Position2.xlsx,Sheet1,Position 2,E- leg,X,242,-6.59
Position2.xlsx,Sheet1,Position 2,E- leg,X,243,-6.51
Position2.xlsx,Sheet1,Position 2,E- leg,X,244,-6.55
Position2.xlsx,Sheet1,Position 2,E- leg,X,245,-6.55
Position2.xlsx,Sheet1,Position 2,E- leg,X,246,-6.43
Position2.xlsx,Sheet1,Position 2,E- leg,X,247,-6.55
Position2.xlsx,Sheet1,Position 2,E- leg,X,248,-6.59
Position2.xlsx,Sheet1,Position 2,E- leg,X,249,-6.51
Position2.xlsx,Sheet1,Position 2,E- leg,X,250,-6.59
Position2.xlsx,Sheet1,Position 2,E- leg,X,251,-6.55
Position2.xlsx,Sheet1,Position 2,E- leg,X,252,-6.59
Position2.xlsx,Sheet1,Position 2,E- leg,X,253,-6.63
Position2.xlsx,Sheet1,Position 2,E- leg,X,254,-6.51
Position2.xlsx,Sheet1,Position 2,E- leg,X,255,-6.59
Position2.xlsx,Sheet1,Position 2,E- leg,X,256,-6.59
Position2.xlsx,Sheet1,Position 2,E- leg,X,257,-6.55
Position2.xlsx,Sheet1,Position 2,E- leg,X,258,-6.63
Position2.xlsx,Sheet1,Position 2,E- leg,X,259,-6.63
Position2.xlsx,Sheet1,Position 2,E- leg,Y,1,1.92
Position2.xlsx,Sheet1,Position 2,E- leg,Y,2,1.92
Position2.xlsx,Sheet1,Position 2,E- leg,Y,3,1.92
Position2.xlsx,Sheet1,Position 2,E- leg,Y,4,1.92
Position2.xlsx,Sheet1,Position 2,E- leg,Y,5,1.65
Position2.xlsx,Sheet1,Position 2,E- leg,Y,6,0.55
Position2.xlsx,Sheet1,Position 2,E- leg,Y,7,0.98
Position2.xlsx,Sheet1,Position 2,E- leg,Y,8,2.51
Position2.xlsx,Sheet1,Position 2,E- leg,Y,9,2.63
Position2.xlsx,Sheet1,Position 2,E- leg,Y,10,2.55
Position2.xlsx,Sheet1,Position 2,E- leg,Y,11,2.67
Position2.xlsx,Sheet1,Position 2,E- leg,Y,12,2.31
Position2.xlsx,Sheet1,Position 2,E- leg,Y,13,2.08
Position2.xlsx,Sheet1,Position 2,E- leg,Y,14,1.53
Position2.xlsx,Sheet1,Position 2,E- leg,Y,15,0.86
Position2.xlsx,Sheet1,Position 2,E- leg,Y,16,0.67
Position2.xlsx,Sheet1,Position 2,E- leg,Y,17,1.02
Position2.xlsx,Sheet1,Position 2,E- leg,Y,18,2.04
Position2.xlsx,Sheet1,Position 2,E- leg,Y,19,2
Position2.xlsx,Sheet1,Position 2,E- leg,Y,20,3.06
Position2.xlsx,Sheet1,Position 2,E- leg,Y,21,2.75
Position2.xlsx,Sheet1,Position 2,E- leg,Y,22,2.67
Position2.xlsx,Sheet1,Position 2,E- leg,Y,23,2.63
Position2.xlsx,Sheet1,Position 2,E- leg,Y,24,2.82
Position2.xlsx,Sheet1,Position 2,E- leg,Y,25,2.82
Position2.xlsx,Sheet1,Position 2,E- leg,Y,26,2.75
Position2.xlsx,Sheet1,Position 2,E- leg,Y,27,3.14
Position2.xlsx,Sheet1,Position 2,E- leg,Y,28,2.79
Position2.xlsx,Sheet1,Position 2,E- leg,Y,29,2.98
Position2.xlsx,Sheet1,Position 2,E- leg,Y,30,3.18
Position2.xlsx,Sheet1,Position 2,E- leg,Y,31,3.18
Position2.xlsx,Sheet1,Position 2,E- leg,Y,32,3.06
Position2.xlsx,Sheet1,Position 2,E- leg,Y,33,2.86
Position2.xlsx,Sheet1,Position 2,E- leg,Y,34,2.82
Position2.xlsx,Sheet1,Position 2,E- leg,Y,35,2.9
Position2.xlsx,Sheet1,Position 2,E- leg,Y,36,2.9
Position2.xlsx,Sheet1,Position 2,E- leg,Y,37,2.82
Position2.xlsx,Sheet1,Position 2,E- leg,Y,38,2.86
Position2.xlsx,Sheet1,Position 2,E- leg,Y,39,2.9
Position2.xlsx,Sheet1,Position 2,E- leg,Y,40,2.75
Position2.xlsx,Sheet1,Position 2,E- leg,Y,41,3.02
Position2.xlsx,Sheet1,Position 2,E- leg,Y,42,2.9
Position2.xlsx,Sheet1,Position 2,E- leg,Y,43,2.94
Position2.xlsx,Sheet1,Position 2,E- leg,Y,44,2.82
Position2.xlsx,Sheet1,Position 2,E- leg,Y,45,2.51
Position2.xlsx,Sheet1,Position 2,E- leg,Y,46,2.71
Position2.xlsx,Sheet1,Position 2,E- leg,Y,47,3.3
Position2.xlsx,Sheet1,Position 2,E- leg,Y,48,2.9
Position2.xlsx,Sheet1,Position 2,E- leg,Y,49,3.57
Position2.xlsx,Sheet1,Position 2,E- leg,Y,50,1.77
Position2.xlsx,Sheet1,Position 2,E- leg,Y,51,0.86
Position2.xlsx,Sheet1,Position 2,E- leg,Y,52,0.9
Position2.xlsx,Sheet1,Position 2,E- leg,Y,53,0.78
Position2.xlsx,Sheet1,Position 2,E- leg,Y,54,1.69
Position2.xlsx,Sheet1,Position 2,E- leg,Y,55,2.82
Position2.xlsx,Sheet1,Position 2,E- leg,Y,56,4.04
Position2.xlsx,Sheet1,Position 2,E- leg,Y,57,4.28
Position2.xlsx,Sheet1,Position 2,E- leg,Y,58,4.16
Position2.xlsx,Sheet1,Position 2,E- leg,Y,59,3.8
Position2.xlsx,Sheet1,Position 2,E- leg,Y,60,2.94
Position2.xlsx,Sheet1,Position 2,E- leg,Y,61,2.51
Position2.xlsx,Sheet1,Position 2,E- leg,Y,62,2.04
Position2.xlsx,Sheet1,Position 2,E- leg,Y,63,1.1
Position2.xlsx,Sheet1,Position 2,E- leg,Y,64,0.86
Position2.xlsx,Sheet1,Position 2,E- leg,Y,65,1.02
Position2.xlsx,Sheet1,Position 2,E- leg,Y,66,1.22
Position2.xlsx,Sheet1,Position 2,E- leg,Y,67,2.82
Position2.xlsx,Sheet1,Position 2,E- leg,Y,68,3.14
Position2.xlsx,Sheet1,Position 2,E- leg,Y,69,2.82
Position2.xlsx,Sheet1,Position 2,E- leg,Y,70,2.82
Position2.xlsx,Sheet1,Position 2,E- leg,Y,71,2.67
Position2.xlsx,Sheet1,Position 2,E- leg,Y,72,2.9
Position2.xlsx,Sheet1,Position 2,E- leg,Y,73,2.9
Position2.xlsx,Sheet1,Position 2,E- leg,Y,74,2.75
Position2.xlsx,Sheet1,Position 2,E- leg,Y,75,3.1
Position2.xlsx,Sheet1,Position 2,E- leg,Y,76,3.22
Position2.xlsx,Sheet1,Position 2,E- leg,Y,77,3.06
Position2.xlsx,Sheet1,Position 2,E- leg,Y,78,3.06
Position2.xlsx,Sheet1,Position 2,E- leg,Y,79,2.94
Position2.xlsx,Sheet1,Position 2,E- leg,Y,80,3.1
Position2.xlsx,Sheet1,Position 2,E- leg,Y,81,2.98
Position2.xlsx,Sheet1,Position 2,E- leg,Y,82,2.94
Position2.xlsx,Sheet1,Position 2,E- leg,Y,83,3.06
Position2.xlsx,Sheet1,Position 2,E- leg,Y,84,2.9
Position2.xlsx,Sheet1,Position 2,E- leg,Y,85,2.35
Position2.xlsx,Sheet1,Position 2,E- leg,Y,86,2.59
Position2.xlsx,Sheet1,Position 2,E- leg,Y,87,3.26
Position2.xlsx,Sheet1,Position 2,E- leg,Y,88,2.71
Position2.xlsx,Sheet1,Position 2,E- leg,Y,89,2.9
Position2.xlsx,Sheet1,Position 2,E- leg,Y,90,2.82
Position2.xlsx,Sheet1,Position 2,E- leg,Y,91,2.71
Position2.xlsx,Sheet1,Position 2,E- leg,Y,92,2.59
Position2.xlsx,Sheet1,Position 2,E- leg,Y,93,2.71
Position2.xlsx,Sheet1,Position 2,E- leg,Y,94,2.43
Position2.xlsx,Sheet1,Position 2,E- leg,Y,95,2.47
Position2.xlsx,Sheet1,Position 2,E- leg,Y,96,1.65
Position2.xlsx,Sheet1,Position 2,E- leg,Y,97,2.04
Position2.xlsx,Sheet1,Position 2,E- leg,Y,98,1.61
Position2.xlsx,Sheet1,Position 2,E- leg,Y,99,1.8
Position2.xlsx,Sheet1,Position 2,E- leg,Y,100,3.06
Position2.xlsx,Sheet1,Position 2,E- leg,Y,101,2.63
Position2.xlsx,Sheet1,Position 2,E- leg,Y,102,2.47
Position2.xlsx,Sheet1,Position 2,E- leg,Y,103,3.22
Position2.xlsx,Sheet1,Position 2,E- leg,Y,104,2.94
Position2.xlsx,Sheet1,Position 2,E- leg,Y,105,2.51
Position2.xlsx,Sheet1,Position 2,E- leg,Y,106,2.2
Position2.xlsx,Sheet1,Position 2,E- leg,Y,107,2.16
Position2.xlsx,Sheet1,Position 2,E- leg,Y,108,2
Position2.xlsx,Sheet1,Position 2,E- leg,Y,109,0.98
Position2.xlsx,Sheet1,Position 2,E- leg,Y,110,5.3
Position2.xlsx,Sheet1,Position 2,E- leg,Y,111,2.08
Position2.xlsx,Sheet1,Position 2,E- leg,Y,112,2.63
Position2.xlsx,Sheet1,Position 2,E- leg,Y,113,2.51
Position2.xlsx,Sheet1,Position 2,E- leg,Y,114,2.47
Position2.xlsx,Sheet1,Position 2,E- leg,Y,115,2.67
Position2.xlsx,Sheet1,Position 2,E- leg,Y,116,2.59
Position2.xlsx,Sheet1,Position 2,E- leg,Y,117,2.71
Position2.xlsx,Sheet1,Position 2,E- leg,Y,118,2.86
Position2.xlsx,Sheet1,Position 2,E- leg,Y,119,2.67
Position2.xlsx,Sheet1,Position 2,E- leg,Y,120,3.18
Position2.xlsx,Sheet1,Position 2,E- leg,Y,121,2.82
Position2.xlsx,Sheet1,Position 2,E- leg,Y,122,3.1
Position2.xlsx,Sheet1,Position 2,E- leg,Y,123,3.1
Position2.xlsx,Sheet1,Position 2,E- leg,Y,124,3.06
Position2.xlsx,Sheet1,Position 2,E- leg,Y,125,3.3
Position2.xlsx,Sheet1,Position 2,E- leg,Y,126,3.1
Position2.xlsx,Sheet1,Position 2,E- leg,Y,127,3.3
Position2.xlsx,Sheet1,Position 2,E- leg,Y,128,3.3
Position2.xlsx,Sheet1,Position 2,E- leg,Y,129,3.33
Position2.xlsx,Sheet1,Position 2,E- leg,Y,130,3.45
Position2.xlsx,Sheet1,Position 2,E- leg,Y,131,3.41
Position2.xlsx,Sheet1,Position 2,E- leg,Y,132,3.33
Position2.xlsx,Sheet1,Position 2,E- leg,Y,133,3.49
Position2.xlsx,Sheet1,Position 2,E- leg,Y,134,3.41
Position2.xlsx,Sheet1,Position 2,E- leg,Y,135,3.18
Position2.xlsx,Sheet1,Position 2,E- leg,Y,136,3.3
Position2.xlsx,Sheet1,Position 2,E- leg,Y,137,3.45
Position2.xlsx,Sheet1,Position 2,E- leg,Y,138,3.49
Position2.xlsx,Sheet1,Position 2,E- leg,Y,139,3.1
Position2.xlsx,Sheet1,Position 2,E- leg,Y,140,3.22
Position2.xlsx,Sheet1,Position 2,E- leg,Y,141,3.41
Position2.xlsx,Sheet1,Position 2,E- leg,Y,142,3.1
Position2.xlsx,Sheet1,Position 2,E- leg,Y,143,3.41
Position2.xlsx,Sheet1,Position 2,E- leg,Y,144,3.3
Position2.xlsx,Sheet1,Position 2,E- leg,Y,145,3.37
Position2.xlsx,Sheet1,Position 2,E- leg,Y,146,3.33
Position2.xlsx,Sheet1,Position 2,E- leg,Y,147,3.45
Position2.xlsx,Sheet1,Position 2,E- leg,Y,148,3.57
Position2.xlsx,Sheet1,Position 2,E- leg,Y,149,3.96
Position2.xlsx,Sheet1,Position 2,E- leg,Y,150,3.57
Position2.xlsx,Sheet1,Position 2,E- leg,Y,151,3.14
Position2.xlsx,Sheet1,Position 2,E- leg,Y,152,3.06
Position2.xlsx,Sheet1,Position 2,E- leg,Y,153,3.18
Position2.xlsx,Sheet1,Position 2,E- leg,Y,154,3.37
Position2.xlsx,Sheet1,Position 2,E- leg,Y,155,3.14
Position2.xlsx,Sheet1,Position 2,E- leg,Y,156,3.18
Position2.xlsx,Sheet1,Position 2,E- leg,Y,157,3.26
Position2.xlsx,Sheet1,Position 2,E- leg,Y,158,3.18
Position2.xlsx,Sheet1,Position 2,E- leg,Y,159,3.14
Position2.xlsx,Sheet1,Position 2,E- leg,Y,160,3.02
Position2.xlsx,Sheet1,Position 2,E- leg,Y,161,3.1
Position2.xlsx,Sheet1,Position 2,E- leg,Y,162,3.14
Position2.xlsx,Sheet1,Position 2,E- leg,Y,163,3.14
Position2.xlsx,Sheet1,Position 2,E- leg,Y,164,3.14
Position2.xlsx,Sheet1,Position 2,E- leg,Y,165,3.18
Position2.xlsx,Sheet1,Position 2,E- leg,Y,166,3.1
Position2.xlsx,Sheet1,Position 2,E- leg,Y,167,3.1
Position2.xlsx,Sheet1,Position 2,E- leg,Y,168,3.1
Position2.xlsx,Sheet1,Position 2,E- leg,Y,169,3.14
Position2.xlsx,Sheet1,Position 2,E- leg,Y,170,3.1
Position2.xlsx,Sheet1,Position 2,E- leg,Y,171,3.14
Position2.xlsx,Sheet1,Position 2,E- leg,Y,172,3.1
Position2.xlsx,Sheet1,Position 2,E- leg,Y,173,3.1
Position2.xlsx,Sheet1,Position 2,E- leg,Y,174,3.14
Position2.xlsx,Sheet1,Position 2,E- leg,Y,175,3.14
Position2.xlsx,Sheet1,Position 2,E- leg,Y,176,3.18
Position2.xlsx,Sheet1,Position 2,E- leg,Y,177,3.14
Position2.xlsx,Sheet1,Position 2,E- leg,Y,178,3.18
Position2.xlsx,Sheet1,Position 2,E- leg,Y,179,3.18
Position2.xlsx,Sheet1,Position 2,E- leg,Y,180,3.1
Position2.xlsx,Sheet1,Position 2,E- leg,Y,181,3.14
Position2.xlsx,Sheet1,Position 2,E- leg,Y,182,3.14
Position2.xlsx,Sheet1,Position 2,E- leg,Y,183,3.18
Position2.xlsx,Sheet1,Position 2,E- leg,Y,184,3.14
Position2.xlsx,Sheet1,Position 2,E- leg,Y,185,3.22
Position2.xlsx,Sheet1,Position 2,E- leg,Y,186,3.26
Position2.xlsx,Sheet1,Position 2,E- leg,Y,187,3.26
Position2.xlsx,Sheet1,Position 2,E- leg,Y,188,3.18
Position2.xlsx,Sheet1,Position 2,E- leg,Y,189,3.18
Position2.xlsx,Sheet1,Position 2,E- leg,Y,190,3.18
Position2.xlsx,Sheet1,Position 2,E- leg,Y,191,3.14
Position2.xlsx,Sheet1,Position 2,E- leg,Y,192,3.18
Position2.xlsx,Sheet1,Position 2,E- leg,Y,193,3.22
Position2.xlsx,Sheet1,Position 2,E- leg,Y,194,3.22
Position2.xlsx,Sheet1,Position 2,E- leg,Y,195,3.18
Position2.xlsx,Sheet1,Position 2,E- leg,Y,196,3.18
Position2.xlsx,Sheet1,Position 2,E- leg,Y,197,3.22
Position2.xlsx,Sheet1,Position 2,E- leg,Y,198,3.18
Position2.xlsx,Sheet1,Position 2,E- leg,Y,199,3.18
Position2.xlsx,Sheet1,Position 2,E- leg,Y,200,3.14
Position2.xlsx,Sheet1,Position 2,E- leg,Y,201,3.14
Position2.xlsx,Sheet1,Position 2,E- leg,Y,202,3.18
Position2.xlsx,Sheet1,Position 2,E- leg,Y,203,3.1
Position2.xlsx,Sheet1,Position 2,E- leg,Y,204,3.18
Position2.xlsx,Sheet1,Position 2,E- leg,Y,205,3.14
Position2.xlsx,Sheet1,Position 2,E- leg,Y,206,3.14
Position2.xlsx,Sheet1,Position 2,E- leg,Y,207,3.14
Position2.xlsx,Sheet1,Position 2,E- leg,Y,208,3.14
Position2.xlsx,Sheet1,Position 2,E- leg,Y,209,3.18
Position2.xlsx,Sheet1,Position 2,E- leg,Y,210,3.18
Position2.xlsx,Sheet1,Position 2,E- leg,Y,211,3.14
Position2.xlsx,Sheet1,Position 2,E- leg,Y,212,3.1
Position2.xlsx,Sheet1,Position 2,E- leg,Y,213,3.22
Position2.xlsx,Sheet1,Position 2,E- leg,Y,214,3.14
Position2.xlsx,Sheet1,Position 2,E- leg,Y,215,3.14
Position2.xlsx,Sheet1,Position 2,E- leg,Y,216,3.02
Position2.xlsx,Sheet1,Position 2,E- leg,Y,217,3.1
Position2.xlsx,Sheet1,Position 2,E- leg,Y,218,3.02
Position2.xlsx,Sheet1,Position 2,E- leg,Y,219,3.06
Position2.xlsx,Sheet1,Position 2,E- leg,Y,220,3.02
Position2.xlsx,Sheet1,Position 2,E- leg,Y,221,3.02
Position2.xlsx,Sheet1,Position 2,E- leg,Y,222,3.02
Position2.xlsx,Sheet1,Position 2,E- leg,Y,223,3.06
Position2.xlsx,Sheet1,Position 2,E- leg,Y,224,3.02
Position2.xlsx,Sheet1,Position 2,E- leg,Y,225,3.1
Position2.xlsx,Sheet1,Position 2,E- leg,Y,226,3.06
Position2.xlsx,Sheet1,Position 2,E- leg,Y,227,2.98
Position2.xlsx,Sheet1,Position 2,E- leg,Y,228,3.02
Position2.xlsx,Sheet1,Position 2,E- leg,Y,229,3.02
Position2.xlsx,Sheet1,Position 2,E- leg,Y,230,2.94
Position2.xlsx,Sheet1,Position 2,E- leg,Y,231,3.1
Position2.xlsx,Sheet1,Position 2,E- leg,Y,232,2.98
Position2.xlsx,Sheet1,Position 2,E- leg,Y,233,3.02
Position2.xlsx,Sheet1,Position 2,E- leg,Y,234,3.06
Position2.xlsx,Sheet1,Position 2,E- leg,Y,235,3.02
Position2.xlsx,Sheet1,Position 2,E- leg,Y,236,3.06
Position2.xlsx,Sheet1,Position 2,E- leg,Y,237,3.02
Position2.xlsx,Sheet1,Position 2,E- leg,Y,238,3.02
Position2.xlsx,Sheet1,Position 2,E- leg,Y,239,3.06
Position2.xlsx,Sheet1,Position 2,E- leg,Y,240,3.02
Position2.xlsx,Sheet1,Position 2,E- leg,Y,241,3.02
Position2.xlsx,Sheet1,Position 2,E- leg,Y,242,3.1
Position2.xlsx,Sheet1,Position 2,E- leg,Y,243,3.02
Position2.xlsx,Sheet1,Position 2,E- leg,Y,244,3.1
Position2.xlsx,Sheet1,Position 2,E- leg,Y,245,3.06
Position2.xlsx,Sheet1,Position 2,E- leg,Y,246,3.06
Position2.xlsx,Sheet1,Position 2,E- leg,Y,247,3.14
Position2.xlsx,Sheet1,Position 2,E- leg,Y,248,3.06
Position2.xlsx,Sheet1,Position 2,E- leg,Y,249,3.14
Position2.xlsx,Sheet1,Position 2,E- leg,Y,250,3.14
Position2.xlsx,Sheet1,Position 2,E- leg,Y,251,3.1
Position2.xlsx,Sheet1,Position 2,E- leg,Y,252,3.1
Position2.xlsx,Sheet1,Position 2,E- leg,Y,253,3.1
Position2.xlsx,Sheet1,Position 2,E- leg,Y,254,3.1
Position2.xlsx,Sheet1,Position 2,E- leg,Y,255,3.14
Position2.xlsx,Sheet1,Position 2,E- leg,Y,256,3.14
Position2.xlsx,Sheet1,Position 2,E- leg,Y,257,3.1
Position2.xlsx,Sheet1,Position 2,E- leg,Y,258,3.1
Position2.xlsx,Sheet1,Position 2,E- leg,Y,259,3.1
Position2.xlsx,Sheet1,Position 2,E- leg,Z,1,7.92
Position2.xlsx,Sheet1,Position 2,E- leg,Z,2,8.04
Position2.xlsx,Sheet1,Position 2,E- leg,Z,3,7.92
Position2.xlsx,Sheet1,Position 2,E- leg,Z,4,8.04
Position2.xlsx,Sheet1,Position 2,E- leg,Z,5,11.26
Position2.xlsx,Sheet1,Position 2,E- leg,Z,6,10.79
Position2.xlsx,Sheet1,Position 2,E- leg,Z,7,10.16
Position2.xlsx,Sheet1,Position 2,E- leg,Z,8,9.85
Position2.xlsx,Sheet1,Position 2,E- leg,Z,9,9.45
Position2.xlsx,Sheet1,Position 2,E- leg,Z,10,8.98
Position2.xlsx,Sheet1,Position 2,E- leg,Z,11,8.32
Position2.xlsx,Sheet1,Position 2,E- leg,Z,12,8.59
Position2.xlsx,Sheet1,Position 2,E- leg,Z,13,8.9
Position2.xlsx,Sheet1,Position 2,E- leg,Z,14,8.79
Position2.xlsx,Sheet1,Position 2,E- leg,Z,15,8.39
Position2.xlsx,Sheet1,Position 2,E- leg,Z,16,7.57
Position2.xlsx,Sheet1,Position 2,E- leg,Z,17,5.61
Position2.xlsx,Sheet1,Position 2,E- leg,Z,18,9.89
Position2.xlsx,Sheet1,Position 2,E- leg,Z,19,9.77
Position2.xlsx,Sheet1,Position 2,E- leg,Z,20,9.26
Position2.xlsx,Sheet1,Position 2,E- leg,Z,21,9.49
Position2.xlsx,Sheet1,Position 2,E- leg,Z,22,9.18
Position2.xlsx,Sheet1,Position 2,E- leg,Z,23,9.06
Position2.xlsx,Sheet1,Position 2,E- leg,Z,24,9.06
Position2.xlsx,Sheet1,Position 2,E- leg,Z,25,9.18
Position2.xlsx,Sheet1,Position 2,E- leg,Z,26,8.75
Position2.xlsx,Sheet1,Position 2,E- leg,Z,27,8.75
Position2.xlsx,Sheet1,Position 2,E- leg,Z,28,8.75
Position2.xlsx,Sheet1,Position 2,E- leg,Z,29,8.55
Position2.xlsx,Sheet1,Position 2,E- leg,Z,30,8.39
Position2.xlsx,Sheet1,Position 2,E- leg,Z,31,8.67
Position2.xlsx,Sheet1,Position 2,E- leg,Z,32,8.63
Position2.xlsx,Sheet1,Position 2,E- leg,Z,33,8.2
Position2.xlsx,Sheet1,Position 2,E- leg,Z,34,8.24
Position2.xlsx,Sheet1,Position 2,E- leg,Z,35,8.12
Position2.xlsx,Sheet1,Position 2,E- leg,Z,36,8
Position2.xlsx,Sheet1,Position 2,E- leg,Z,37,8.24
Position2.xlsx,Sheet1,Position 2,E- leg,Z,38,8
Position2.xlsx,Sheet1,Position 2,E- leg,Z,39,8.12
Position2.xlsx,Sheet1,Position 2,E- leg,Z,40,7.88
Position2.xlsx,Sheet1,Position 2,E- leg,Z,41,7.57
Position2.xlsx,Sheet1,Position 2,E- leg,Z,42,7.22
Position2.xlsx,Sheet1,Position 2,E- leg,Z,43,6.94
Position2.xlsx,Sheet1,Position 2,E- leg,Z,44,7.14
Position2.xlsx,Sheet1,Position 2,E- leg,Z,45,6.98
Position2.xlsx,Sheet1,Position 2,E- leg,Z,46,7.06
Position2.xlsx,Sheet1,Position 2,E- leg,Z,47,6.98
Position2.xlsx,Sheet1,Position 2,E- leg,Z,48,7.69
Position2.xlsx,Sheet1,Position 2,E- leg,Z,49,8.24
Position2.xlsx,Sheet1,Position 2,E- leg,Z,50,7.85
Position2.xlsx,Sheet1,Position 2,E- leg,Z,51,11.41
Position2.xlsx,Sheet1,Position 2,E- leg,Z,52,10.9
Position2.xlsx,Sheet1,Position 2,E- leg,Z,53,10.71
Position2.xlsx,Sheet1,Position 2,E- leg,Z,54,10.12
Position2.xlsx,Sheet1,Position 2,E- leg,Z,55,8.67
Position2.xlsx,Sheet1,Position 2,E- leg,Z,56,7.3
Position2.xlsx,Sheet1,Position 2,E- leg,Z,57,6.32
Position2.xlsx,Sheet1,Position 2,E- leg,Z,58,6.08
Position2.xlsx,Sheet1,Position 2,E- leg,Z,59,6.35
Position2.xlsx,Sheet1,Position 2,E- leg,Z,60,6.63
Position2.xlsx,Sheet1,Position 2,E- leg,Z,61,7.1
Position2.xlsx,Sheet1,Position 2,E- leg,Z,62,7.92
Position2.xlsx,Sheet1,Position 2,E- leg,Z,63,8.2
Position2.xlsx,Sheet1,Position 2,E- leg,Z,64,7.81
Position2.xlsx,Sheet1,Position 2,E- leg,Z,65,7.02
Position2.xlsx,Sheet1,Position 2,E- leg,Z,66,4.16
Position2.xlsx,Sheet1,Position 2,E- leg,Z,67,9.89
Position2.xlsx,Sheet1,Position 2,E- leg,Z,68,9.61
Position2.xlsx,Sheet1,Position 2,E- leg,Z,69,8.83
Position2.xlsx,Sheet1,Position 2,E- leg,Z,70,8.9
Position2.xlsx,Sheet1,Position 2,E- leg,Z,71,8.87
Position2.xlsx,Sheet1,Position 2,E- leg,Z,72,8.63
Position2.xlsx,Sheet1,Position 2,E- leg,Z,73,8.87
Position2.xlsx,Sheet1,Position 2,E- leg,Z,74,8.39
Position2.xlsx,Sheet1,Position 2,E- leg,Z,75,8.47
Position2.xlsx,Sheet1,Position 2,E- leg,Z,76,8.67
Position2.xlsx,Sheet1,Position 2,E- leg,Z,77,8.63
Position2.xlsx,Sheet1,Position 2,E- leg,Z,78,8.36
Position2.xlsx,Sheet1,Position 2,E- leg,Z,79,8.63
Position2.xlsx,Sheet1,Position 2,E- leg,Z,80,8.67
Position2.xlsx,Sheet1,Position 2,E- leg,Z,81,8.51
Position2.xlsx,Sheet1,Position 2,E- leg,Z,82,8.51
Position2.xlsx,Sheet1,Position 2,E- leg,Z,83,8.55
Position2.xlsx,Sheet1,Position 2,E- leg,Z,84,8.51
Position2.xlsx,Sheet1,Position 2,E- leg,Z,85,8.2
Position2.xlsx,Sheet1,Position 2,E- leg,Z,86,8.24
Position2.xlsx,Sheet1,Position 2,E- leg,Z,87,9.02
Position2.xlsx,Sheet1,Position 2,E- leg,Z,88,7.65
Position2.xlsx,Sheet1,Position 2,E- leg,Z,89,7.73
Position2.xlsx,Sheet1,Position 2,E- leg,Z,90,7.85
Position2.xlsx,Sheet1,Position 2,E- leg,Z,91,8
Position2.xlsx,Sheet1,Position 2,E- leg,Z,92,7.96
Position2.xlsx,Sheet1,Position 2,E- leg,Z,93,8.28
Position2.xlsx,Sheet1,Position 2,E- leg,Z,94,8.16
Position2.xlsx,Sheet1,Position 2,E- leg,Z,95,8.04
Position2.xlsx,Sheet1,Position 2,E- leg,Z,96,8.63
Position2.xlsx,Sheet1,Position 2,E- leg,Z,97,9.06
Position2.xlsx,Sheet1,Position 2,E- leg,Z,98,8.75
Position2.xlsx,Sheet1,Position 2,E- leg,Z,99,9.22
Position2.xlsx,Sheet1,Position 2,E- leg,Z,100,9.3
Position2.xlsx,Sheet1,Position 2,E- leg,Z,101,8.75
Position2.xlsx,Sheet1,Position 2,E- leg,Z,102,8.71
Position2.xlsx,Sheet1,Position 2,E- leg,Z,103,8.16
Position2.xlsx,Sheet1,Position 2,E- leg,Z,104,8
Position2.xlsx,Sheet1,Position 2,E- leg,Z,105,8.51
Position2.xlsx,Sheet1,Position 2,E- leg,Z,106,9.06
Position2.xlsx,Sheet1,Position 2,E- leg,Z,107,8.2
Position2.xlsx,Sheet1,Position 2,E- leg,Z,108,7.26
Position2.xlsx,Sheet1,Position 2,E- leg,Z,109,5.41
Position2.xlsx,Sheet1,Position 2,E- leg,Z,110,16.79
Position2.xlsx,Sheet1,Position 2,E- leg,Z,111,9.14
Position2.xlsx,Sheet1,Position 2,E- leg,Z,112,9.14
Position2.xlsx,Sheet1,Position 2,E- leg,Z,113,8.98
Position2.xlsx,Sheet1,Position 2,E- leg,Z,114,9.06
Position2.xlsx,Sheet1,Position 2,E- leg,Z,115,8.75
Position2.xlsx,Sheet1,Position 2,E- leg,Z,116,8.63
Position2.xlsx,Sheet1,Position 2,E- leg,Z,117,8.39
Position2.xlsx,Sheet1,Position 2,E- leg,Z,118,8.71
Position2.xlsx,Sheet1,Position 2,E- leg,Z,119,8.59
Position2.xlsx,Sheet1,Position 2,E- leg,Z,120,8.79
Position2.xlsx,Sheet1,Position 2,E- leg,Z,121,8.63
Position2.xlsx,Sheet1,Position 2,E- leg,Z,122,8.39
Position2.xlsx,Sheet1,Position 2,E- leg,Z,123,8.32
Position2.xlsx,Sheet1,Position 2,E- leg,Z,124,8.28
Position2.xlsx,Sheet1,Position 2,E- leg,Z,125,8.16
Position2.xlsx,Sheet1,Position 2,E- leg,Z,126,8.2
Position2.xlsx,Sheet1,Position 2,E- leg,Z,127,8.04
Position2.xlsx,Sheet1,Position 2,E- leg,Z,128,8.2
Position2.xlsx,Sheet1,Position 2,E- leg,Z,129,8.2
Position2.xlsx,Sheet1,Position 2,E- leg,Z,130,8.47
Position2.xlsx,Sheet1,Position 2,E- leg,Z,131,8.28
Position2.xlsx,Sheet1,Position 2,E- leg,Z,132,8.24
Position2.xlsx,Sheet1,Position 2,E- leg,Z,133,8.55
Position2.xlsx,Sheet1,Position 2,E- leg,Z,134,8.83
Position2.xlsx,Sheet1,Position 2,E- leg,Z,135,8.71
Position2.xlsx,Sheet1,Position 2,E- leg,Z,136,8.9
Position2.xlsx,Sheet1,Position 2,E- leg,Z,137,8.71
Position2.xlsx,Sheet1,Position 2,E- leg,Z,138,8.87
Position2.xlsx,Sheet1,Position 2,E- leg,Z,139,8.83
Position2.xlsx,Sheet1,Position 2,E- leg,Z,140,8.87
Position2.xlsx,Sheet1,Position 2,E- leg,Z,141,9.06
Position2.xlsx,Sheet1,Position 2,E- leg,Z,142,8.87
Position2.xlsx,Sheet1,Position 2,E- leg,Z,143,8.79
Position2.xlsx,Sheet1,Position 2,E- leg,Z,144,9.06
Position2.xlsx,Sheet1,Position 2,E- leg,Z,145,8.94
Position2.xlsx,Sheet1,Position 2,E- leg,Z,146,8.71
Position2.xlsx,Sheet1,Position 2,E- leg,Z,147,9.1
Position2.xlsx,Sheet1,Position 2,E- leg,Z,148,8.75
Position2.xlsx,Sheet1,Position 2,E- leg,Z,149,8.98
Position2.xlsx,Sheet1,Position 2,E- leg,Z,150,9.1
Position2.xlsx,Sheet1,Position 2,E- leg,Z,151,8.83
Position2.xlsx,Sheet1,Position 2,E- leg,Z,152,9.14
Position2.xlsx,Sheet1,Position 2,E- leg,Z,153,9.22
Position2.xlsx,Sheet1,Position 2,E- leg,Z,154,9.22
Position2.xlsx,Sheet1,Position 2,E- leg,Z,155,9.26
Position2.xlsx,Sheet1,Position 2,E- leg,Z,156,9.26
Position2.xlsx,Sheet1,Position 2,E- leg,Z,157,9.26
Position2.xlsx,Sheet1,Position 2,E- leg,Z,158,9.18
Position2.xlsx,Sheet1,Position 2,E- leg,Z,159,9.26
Position2.xlsx,Sheet1,Position 2,E- leg,Z,160,9.18
Position2.xlsx,Sheet1,Position 2,E- leg,Z,161,9.14
Position2.xlsx,Sheet1,Position 2,E- leg,Z,162,9.22
Position2.xlsx,Sheet1,Position 2,E- leg,Z,163,9.26
Position2.xlsx,Sheet1,Position 2,E- leg,Z,164,9.3
Position2.xlsx,Sheet1,Position 2,E- leg,Z,165,9.38
Position2.xlsx,Sheet1,Position 2,E- leg,Z,166,9.22
Position2.xlsx,Sheet1,Position 2,E- leg,Z,167,9.18
Position2.xlsx,Sheet1,Position 2,E- leg,Z,168,9.22
Position2.xlsx,Sheet1,Position 2,E- leg,Z,169,9.18
Position2.xlsx,Sheet1,Position 2,E- leg,Z,170,9.06
Position2.xlsx,Sheet1,Position 2,E- leg,Z,171,9.22
Position2.xlsx,Sheet1,Position 2,E- leg,Z,172,9.1
Position2.xlsx,Sheet1,Position 2,E- leg,Z,173,9.18
Position2.xlsx,Sheet1,Position 2,E- leg,Z,174,9.1
Position2.xlsx,Sheet1,Position 2,E- leg,Z,175,9.14
Position2.xlsx,Sheet1,Position 2,E- leg,Z,176,9.26
Position2.xlsx,Sheet1,Position 2,E- leg,Z,177,9.22
Position2.xlsx,Sheet1,Position 2,E- leg,Z,178,9.14
Position2.xlsx,Sheet1,Position 2,E- leg,Z,179,9.14
Position2.xlsx,Sheet1,Position 2,E- leg,Z,180,9.1
Position2.xlsx,Sheet1,Position 2,E- leg,Z,181,9.14
Position2.xlsx,Sheet1,Position 2,E- leg,Z,182,9.18
Position2.xlsx,Sheet1,Position 2,E- leg,Z,183,9.18
Position2.xlsx,Sheet1,Position 2,E- leg,Z,184,8.98
Position2.xlsx,Sheet1,Position 2,E- leg,Z,185,9.14
Position2.xlsx,Sheet1,Position 2,E- leg,Z,186,9.14
Position2.xlsx,Sheet1,Position 2,E- leg,Z,187,9.1
Position2.xlsx,Sheet1,Position 2,E- leg,Z,188,9.18
Position2.xlsx,Sheet1,Position 2,E- leg,Z,189,9.26
Position2.xlsx,Sheet1,Position 2,E- leg,Z,190,9.18
Position2.xlsx,Sheet1,Position 2,E- leg,Z,191,9.14
Position2.xlsx,Sheet1,Position 2,E- leg,Z,192,9.1
Position2.xlsx,Sheet1,Position 2,E- leg,Z,193,9.14
Position2.xlsx,Sheet1,Position 2,E- leg,Z,194,9.22
Position2.xlsx,Sheet1,Position 2,E- leg,Z,195,9.18
Position2.xlsx,Sheet1,Position 2,E- leg,Z,196,9.14
Position2.xlsx,Sheet1,Position 2,E- leg,Z,197,9.1
Position2.xlsx,Sheet1,Position 2,E- leg,Z,198,9.22
Position2.xlsx,Sheet1,Position 2,E- leg,Z,199,9.14
Position2.xlsx,Sheet1,Position 2,E- leg,Z,200,9.18
Position2.xlsx,Sheet1,Position 2,E- leg,Z,201,9.18
Position2.xlsx,Sheet1,Position 2,E- leg,Z,202,9.14
Position2.xlsx,Sheet1,Position 2,E- leg,Z,203,9.06
Position2.xlsx,Sheet1,Position 2,E- leg,Z,204,9.18
Position2.xlsx,Sheet1,Position 2,E- leg,Z,205,9.18
Position2.xlsx,Sheet1,Position 2,E- leg,Z,206,9.22
Position2.xlsx,Sheet1,Position 2,E- leg,Z,207,9.18
Position2.xlsx,Sheet1,Position 2,E- leg,Z,208,9.22
Position2.xlsx,Sheet1,Position 2,E- leg,Z,209,9.22
Position2.xlsx,Sheet1,Position 2,E- leg,Z,210,9.18
Position2.xlsx,Sheet1,Position 2,E- leg,Z,211,9.26
Position2.xlsx,Sheet1,Position 2,E- leg,Z,212,9.22
Position2.xlsx,Sheet1,Position 2,E- leg,Z,213,9.1
Position2.xlsx,Sheet1,Position 2,E- leg,Z,214,9.18
Position2.xlsx,Sheet1,Position 2,E- leg,Z,215,9.34
Position2.xlsx,Sheet1,Position 2,E- leg,Z,216,9.26
Position2.xlsx,Sheet1,Position 2,E- leg,Z,217,9.26
Position2.xlsx,Sheet1,Position 2,E- leg,Z,218,9.26
Position2.xlsx,Sheet1,Position 2,E- leg,Z,219,9.3
Position2.xlsx,Sheet1,Position 2,E- leg,Z,220,9.3
Position2.xlsx,Sheet1,Position 2,E- leg,Z,221,9.3
Position2.xlsx,Sheet1,Position 2,E- leg,Z,222,9.22
Position2.xlsx,Sheet1,Position 2,E- leg,Z,223,9.18
Position2.xlsx,Sheet1,Position 2,E- leg,Z,224,9.26
Position2.xlsx,Sheet1,Position 2,E- leg,Z,225,9.14
Position2.xlsx,Sheet1,Position 2,E- leg,Z,226,9.3
Position2.xlsx,Sheet1,Position 2,E- leg,Z,227,9.1
Position2.xlsx,Sheet1,Position 2,E- leg,Z,228,9.3
Position2.xlsx,Sheet1,Position 2,E- leg,Z,229,9.26
Position2.xlsx,Sheet1,Position 2,E- leg,Z,230,9.34
Position2.xlsx,Sheet1,Position 2,E- leg,Z,231,9.18
Position2.xlsx,Sheet1,Position 2,E- leg,Z,232,9.3
Position2.xlsx,Sheet1,Position 2,E- leg,Z,233,9.3
Position2.xlsx,Sheet1,Position 2,E- leg,Z,234,9.22
Position2.xlsx,Sheet1,Position 2,E- leg,Z,235,9.26
Position2.xlsx,Sheet1,Position 2,E- leg,Z,236,9.3
Position2.xlsx,Sheet1,Position 2,E- leg,Z,237,9.3
Position2.xlsx,Sheet1,Position 2,E- leg,Z,238,9.3
Position2.xlsx,Sheet1,Position 2,E- leg,Z,239,9.22
Position2.xlsx,Sheet1,Position 2,E- leg,Z,240,9.22
Position2.xlsx,Sheet1,Position 2,E- leg,Z,241,9.22
Position2.xlsx,Sheet1,Position 2,E- leg,Z,242,9.3
Position2.xlsx,Sheet1,Position 2,E- leg,Z,243,9.26
Position2.xlsx,Sheet1,Position 2,E- leg,Z,244,9.22
Position2.xlsx,Sheet1,Position 2,E- leg,Z,245,9.34
Position2.xlsx,Sheet1,Position 2,E- leg,Z,246,9.26
Position2.xlsx,Sheet1,Position 2,E- leg,Z,247,9.3
Position2.xlsx,Sheet1,Position 2,E- leg,Z,248,9.34
Position2.xlsx,Sheet1,Position 2,E- leg,Z,249,9.26
Position2.xlsx,Sheet1,Position 2,E- leg,Z,250,9.26
Position2.xlsx,Sheet1,Position 2,E- leg,Z,251,9.38
Position2.xlsx,Sheet1,Position 2,E- leg,Z,252,9.3
Position2.xlsx,Sheet1,Position 2,E- leg,Z,253,9.26
Position2.xlsx,Sheet1,Position 2,E- leg,Z,254,9.22
Position2.xlsx,Sheet1,Position 2,E- leg,Z,255,9.22
Position2.xlsx,Sheet1,Position 2,E- leg,Z,256,9.1
Position2.xlsx,Sheet1,Position 2,E- leg,Z,257,9.22
Position2.xlsx,Sheet1,Position 2,E- leg,Z,258,9.34
Position2.xlsx,Sheet1,Position 2,E- leg,Z,259,9.3
